twitter,nom,nom_de_famille,prenom,sexe,twitter_tweets,twitter_followers,twitter_following,twitter_listed,twitter_favourites,twitter_verified,twitter_protected,twitter_id,twitter_name,twitter_description,twitter_created_at,sites_web,url_institution,slug,url_nossenateurs_api
"p_abate","Patrick ABATE","ABATE","Patrick","H",87,107,73,12,0,False,False,3165910948,"Patrick Abate","#Maire de Talange - #Sénateur de la #Moselle groupe #communiste - Commission de la #Culture de l'#Education et de la #Communication -Président de l'A.D.E.C.R 57",2015-04-14T09:28:40,"http://www.senat.fr|http://patrick.abate.over-blog.com|https://twitter.com/p_abate","http://www.senat.fr/senateur/abate_patrick14263u.html","patrick-abate","http://www.nossenateurs.fr/patrick-abate/csv"
"Ph_Adnot","Philippe Adnot","Adnot","Philippe","H",0,78,2,21,2,False,False,1429780758,"Adnot Philiipe","",2013-05-15T07:34:40,"https://twitter.com/Ph_Adnot","http://www.senat.fr/senateur/adnot_philippe89017r.html","philippe-adnot","http://www.nossenateurs.fr/philippe-adnot/csv"
"PascalAllizard","Pascal Allizard","Allizard","Pascal","H",39,180,139,21,2,False,False,533146135,"Pascal Allizard","Maire de Condé sur noireau, vice-président du CG 14. Humaniste et fier de l'être .",2012-03-22T13:36:28,"http://pascalallizard.unblog.fr|https://twitter.com/PascalAllizard","http://www.senat.fr/senateur/allizard_pascal14133k.html","pascal-allizard","http://www.nossenateurs.fr/pascal-allizard/csv"
"michelamiel","Michel Amiel","Amiel","Michel","H",4,90,23,22,0,False,False,507370066,"Michel Amiel","Compte officiel de Michel AMIEL, maire des Pennes-Mirabeau, Conseiller général des Bouches du Rhône.",2012-02-28T13:24:59,"https://twitter.com/michelamiel","http://www.senat.fr/senateur/amiel_michel14239u.html","michel-amiel","http://www.nossenateurs.fr/michel-amiel/csv"
"MauriceANTISTE","Maurice Antiste","Antiste","Maurice","H",7,128,12,24,0,False,False,1751819666,"ANTISTE Maurice","Maire de la ville du FRANCOIS en Martinique, Sénateur de la Martinique et Président du Mouvement Populaire Franciscain",2013-09-07T15:23:29,"https://twitter.com/MauriceANTISTE","http://www.senat.fr/senateur/antiste_maurice11109j.html","maurice-antiste","http://www.nossenateurs.fr/maurice-antiste/csv"
"AANZIANI","Alain Anziani","Anziani","Alain","H",377,947,108,53,0,False,False,52751581,"Alain Anziani","Sénateur de la Gironde (PS), Maire de Mérignac.",2009-07-01T15:15:11,"https://tw.unblock-us.com/aanziani|http://alainanziani.fr|http://www.alainanziani.fr|http://fr-fr.facebook.com/people/Alain-Anziani/1522775800|https://twitter.com/AANZIANI","http://www.senat.fr/senateur/anziani_alain08025t.html","alain-anziani","http://www.nossenateurs.fr/alain-anziani/csv"
"AlineArchimbaud","Aline Archimbaud","Archimbaud","Aline","F",584,2754,1468,144,9,False,False,398116889,"Aline Archimbaud","Sénatrice ecologiste de Seine-Saint-Denis, je suis vice-presidente de la commission des affaires sociales et de la délégation senatoriale a l'Outre-Mer.",2011-10-25T16:09:31,"http://alinearchimbaud.fr|http://www.facebook.com/pages/Aline-Archimbaud/297507253594760|https://twitter.com/AlineArchimbaud|http://twitter.com/#!/AlineArchimbaud|http://alinearchimbaud.eelv.fr","http://www.senat.fr/senateur/archimbaud_aline11055m.html","aline-archimbaud","http://www.nossenateurs.fr/aline-archimbaud/csv"
"GuillaumeArnell","Guillaume Arnell","Arnell","Guillaume","H",22,41,261,4,1,False,False,3345305693,"Guillaume Arnell","#SénateurSaintMartin",2015-06-25T10:01:07,"https://twitter.com/GuillaumeArnell","http://www.senat.fr/senateur/arnell_guillaume14261s.html","guillaume-arnell","http://www.nossenateurs.fr/guillaume-arnell/csv"
"JeanArthuis","Jean Arthuis","Arthuis","Jean","H",1727,13895,847,548,249,True,False,110191018,"Jean Arthuis","Député européen, President de la commission #BUDG , Vice-Président de #UDI ,ancien ministre de l'économie et des finances http://t.co/fhOVDChCs0",2010-01-31T17:36:54,"https://twitter.com/JeanArthuis|http://www.europarl.europa.eu/meps/fr/124773/JEAN_ARTHUIS_home.html","http://www.senat.fr/senateur/arthuis_jean83011j.html","jean-arthuis","http://www.nossenateurs.fr/jean-arthuis/csv"
"ElianeAssassi","Éliane Assassi","Assassi","Éliane","F",328,1314,496,87,7,True,False,81800139,"Assassi","Compte officiel de la Sénatrice de la Seine-Saint-Denis Présidente du groupe CRC",2009-10-12T09:03:12,"https://twitter.com/ElianeAssassi|http://elianeassassi.fr","http://www.senat.fr/senateur/assassi_eliane04085p.html","eliane-assassi","http://www.nossenateurs.fr/eliane-assassi/csv"
"dassouline","David Assouline","Assouline","David","H",2894,22791,1379,544,52,True,False,61164655,"David Assouline","Sénateur de Paris. Vice-Président de la Commission de la Culture du Sénat. Secrétaire National du Parti Socialiste chargé de la Culture et de l'Audiovisuel",2009-07-29T10:31:49,"https://twitter.com/dassouline|http://www.david-assouline.net|http://david-assouline.net|https://www.facebook.com/DavAssouline","http://www.senat.fr/senateur/assouline_david04059m.html","david-assouline","http://www.nossenateurs.fr/david-assouline/csv"
"AubeyF","François Aubey","Aubey","François","H",26,133,129,9,0,False,False,2976706774,"François Aubey","Sénateur du Calvados, maire de Mezidon-Canon",2015-01-13T16:09:36,"https://twitter.com/AubeyF","http://www.senat.fr/senateur/aubey_francois14137p.html","francois-aubey","http://www.nossenateurs.fr/francois-aubey/csv"
"LeilaAichi","Leila Aïchi","Aïchi","Leila","F",11,302,266,32,1,False,False,562431096,"Leila AICHI ","",2012-04-24T21:20:51,"https://twitter.com/LeilaAichi","http://www.senat.fr/senateur/aichi_leila11076s.html","leila-aichi","http://www.nossenateurs.fr/leila-aichi/csv"
"baillydom","Dominique Bailly","Bailly","Dominique","H",3,198,4,29,0,False,False,269857647,"Dominique BAILLY","Maire d'Orchies. Président de la CC du Coeur de Pévèle. Président du Groupe Socialiste, Citoyen et Radical, Conseil Régional Nord-Pas de Calais.",2011-03-21T15:37:44,"https://twitter.com/baillydom","http://www.senat.fr/senateur/bailly_dominique11039m.html","dominique-bailly","http://www.nossenateurs.fr/dominique-bailly/csv"
"francoisbaroin","François Baroin","Baroin","François","H",280,60633,139,1287,0,True,False,96093611,"François Baroin","Sénateur-Maire de Troyes, Président de l'Association des Maires de France",2009-12-11T09:26:26,"https://twitter.com/francoisbaroin|http://www.amf.asso.fr","http://www.senat.fr/senateur/baroin_francois05004a.html","francois-baroin","http://www.nossenateurs.fr/francois-baroin/csv"
"BasPhilippe","Philippe Bas","Bas","Philippe","H",1516,1902,175,94,4,True,False,1358827794,"Philippe Bas","President de la commission des lois du Sénat, Sénateur de la Manche, Ancien Ministre (2005-2007) et Secrétaire général de l'Elysée (2002-2005)",2013-04-17T07:44:26,"http://www.philippe-bas.fr|https://twitter.com/BasPhilippe","http://www.senat.fr/senateur/bas_philippe05008e.html","philippe-bas","http://www.nossenateurs.fr/philippe-bas/csv"
"delphbataille","Delphine Bataille","Bataille","Delphine","F",2,159,65,29,0,False,False,1429821697,"Delphine Bataille","Sénatrice du Nord, Conseillère générale, membre de la Commission de l'Economie, de l'Office parlementaire d'évaluation des choix scientifiques et technologiques",2013-05-15T07:38:01,"https://twitter.com/delphbataille","http://www.senat.fr/senateur/bataille_delphine11036j.html","delphine-bataille","http://www.nossenateurs.fr/delphine-bataille/csv"
"EstherBenbassa","Esther Benbassa","Benbassa","Esther","F",7822,9649,6810,272,499,False,False,414024815,"Esther Benbassa","Sénatrice @EELV du #ValdeMarne (94), vice-présidente de la Commission des Lois du Sénat, et directrice d'études à l'#EPHE (#Sorbonne)",2011-11-16T14:50:06,"http://www.estherbenbassa.net|http://about.me/esther_benbassa|https://www.facebook.com/pages/Esther-BENBASSA/195853667143729|https://twitter.com/EstherBenbassa|http://estherbenbassa.eelv.fr","http://www.senat.fr/senateur/benbassa_esther11033f.html","esther-benbassa","http://www.nossenateurs.fr/esther-benbassa/csv"
"michel_berson","Michel Berson","Berson","Michel","H",58,232,90,24,0,True,False,2587517070,"Michel Berson","Sénateur de l'Essonne, rapporteur du budget Recherche et Enseignement supérieur, membre du Conseil Stratégique de la Recherche",2014-06-25T13:29:25,"http://www.michelberson.fr|http://www.facebook.com/michel.berson|http://twitter.com/michel_berson|https://twitter.com/michel_berson","http://www.senat.fr/senateur/berson_michel11068s.html","michel-berson","http://www.nossenateurs.fr/michel-berson/csv"
"bessonjean","Jean Besson","Besson","Jean","H",1054,1132,248,73,7,False,False,78422142,"Jean BESSON","Jean BESSON, Sénateur Honoraire, Président de Rhône-Alpes Tourisme #Innovation_RA ,Président d' #energiesded, #SocialDémocrate et fédéraliste européen.",2009-09-29T21:33:25,"https://twitter.com/bessonjean|http://twitter.com/bessonjean|http://www.jeanbesson.net|http://fr-fr.facebook.com/people/Jean-Besson/1155422798|http://jeanbesson.net","http://www.senat.fr/senateur/besson_jean89015p.html","jean-besson","http://www.nossenateurs.fr/jean-besson/csv"
"jeromebignon","Jérôme Bignon","Bignon","Jérôme","H",101,612,5,59,0,False,False,138014656,"Jérôme Bignon","Député de la Somme",2010-04-28T11:44:41,"https://twitter.com/jeromebignon|http://www.bignon.info","http://www.senat.fr/senateur/bignon_jerome14093u.html","jerome-bignon","http://www.nossenateurs.fr/jerome-bignon/csv"
"jacquesbigot","Jacques Bigot","Bigot","Jacques","H",185,618,35,63,0,False,False,76289383,"Jacques Bigot","",2009-09-22T09:10:35,"http://www.jacques-bigot.fr|https://twitter.com/jacquesbigot","http://www.senat.fr/senateur/bigot_jacques14065q.html","jacques-bigot","http://www.nossenateurs.fr/jacques-bigot/csv"
"AnnickBillon","Annick Billon","Billon","Annick","F",716,455,129,27,144,False,False,1954137931,"Annick Billon","Sénatrice @UDIUC de Vendée Adjointe à l'urbanisme Château d'Olonne Vice-presidente CCO/Trivalis.",2013-10-11T12:46:31,"http://bit.ly/1tgR7jS|https://twitter.com/AnnickBillon","http://www.senat.fr/senateur/billon_annick14030q.html","annick-billon","http://www.nossenateurs.fr/annick-billon/csv"
"jean_bizet","Jean Bizet","Bizet","Jean","H",174,377,163,22,0,True,False,3092837476,"Jean Bizet","Sénateur de la #Manche, Président de la commission des affaires européennes du @Senat_Info",2015-03-17T15:33:45,"http://www.senat.fr/senateur/bizet_jean96004d.html|https://twitter.com/jean_bizet","http://www.senat.fr/senateur/bizet_jean96004d.html","jean-bizet","http://www.nossenateurs.fr/jean-bizet/csv"
"mcblandin","Marie-Christine Blandin","Blandin","Marie-Christine","F",920,1430,525,136,24,False,False,204265601,"Marie Blandin","Sénatrice écologiste du Nord, ex-Présidente de Région NPDC #culture #education #biodiversite",2010-10-18T09:45:41,"http://twitter.com/mcblandin|https://twitter.com/mcblandin|http://www.mariechristineblandin.fr|http://www.facebook.com/pages/Marie-Christine-Blandin-Sénatrice/164514850245226","http://www.senat.fr/senateur/blandin_marie_christine01044r.html","marie-christine-blandin","http://www.nossenateurs.fr/marie-christine-blandin/csv"
"m_blondin","Maryvonne Blondin","Blondin","Maryvonne","F",68,418,40,58,1,False,False,1484320729,"maryvonne blondin","Sénatrice PS du Finistère, conseillère générale de Quimper 2 Sécrétaire de la commission culture, éducation, communication du Sénat",2013-06-05T07:04:28,"http://www.maryvonne-blondin.fr|http://www.facebook.com/maryvonne.blondin|https://twitter.com/m_blondin","http://www.senat.fr/senateur/blondin_maryvonne08043v.html","maryvonne-blondin","http://www.nossenateurs.fr/maryvonne-blondin/csv"
"BockelJeanMarie","Jean-Marie Bockel","Bockel","Jean-Marie","H",375,1978,270,110,103,True,False,793641810,"Jean-Marie Bockel","Sénateur du Haut-Rhin, Président de Mulhouse Alsace Agglomération, Ancien Ministre",2012-08-31T11:19:22,"https://twitter.com/BockelJeanMarie|http://jeanmariebockel.fr|http://www.jeanmariebockel.fr|http://fr-fr.facebook.com/jeanmarie.bockel","http://www.senat.fr/senateur/bockel_jean_marie04040a.html","jean-marie-bockel","http://www.nossenateurs.fr/jean-marie-bockel/csv"
"EricBocquet","Éric Bocquet","Bocquet","Éric","H",632,670,254,53,45,False,False,2304676531,"Eric Bocquet","#Sénateur du #Nord - Groupe #Communiste - Commission des finances - #évasionfiscale - #travailleursdétachés de l'UE - http://t.co/2NTxYgjfaX européennes",2014-01-22T11:16:25,"https://twitter.com/EricBocquet","http://www.senat.fr/senateur/bocquet_eric11040e.html","eric-bocquet","http://www.nossenateurs.fr/eric-bocquet/csv"
"F_Bonhomme","François Bonhomme","Bonhomme","François","H",56,213,110,22,6,False,False,2862090149,"François Bonhomme","Sénateur de Tarn-et-Garonne",2014-11-05T08:12:05,"https://twitter.com/F_Bonhomme","http://www.senat.fr/senateur/bonhomme_francois14069u.html","francois-bonhomme","http://www.nossenateurs.fr/francois-bonhomme/csv"
"bonnefoy_n","Nicole Bonnefoy","Bonnefoy","Nicole","F",16,44,43,8,1,False,False,3320985255,"Nicole Bonnefoy","Sénatrice de la Charente, Conseillère départementale de la Charente",2015-06-12T14:24:57,"http://www.nicole-bonnefoy.com|https://twitter.com/bonnefoy_n","http://www.senat.fr/senateur/bonnefoy_nicole08060w.html","nicole-bonnefoy","http://www.nossenateurs.fr/nicole-bonnefoy/csv"
"JPBosino","Jean-Pierre Bosino","Bosino","Jean-Pierre","H",474,411,225,31,31,True,False,2603390226,"Jean-Pierre Bosino","Sénateur de l'Oise. #PCF #FrontdeGauche",2014-07-04T12:31:30,"http://jpbosino.wordpress.com|https://twitter.com/JPBosino|http://www.senat.fr/senateur/bosino_jean_pierre14013p.html|https://www.facebook.com/pages/Jean-Pierre-Bosino/1493062714264797","http://www.senat.fr/senateur/bosino_jean_pierre14013p.html","jean-pierre-bosino","http://www.nossenateurs.fr/jean-pierre-bosino/csv"
"NatachaBouchart","Natacha Bouchart","Bouchart","Natacha","F",1740,2445,1075,92,101,False,False,551342517,"Natacha BOUCHART","Sénateur #Républicains. Maire de #Calais, Présidente de @capcalaisis.",2012-04-11T19:36:52,"http://www.natachabouchart.com|https://www.facebook.com/natacha.bouchart.7|https://twitter.com/NatachaBouchart","http://www.senat.fr/senateur/bouchart_natacha11060j.html","natacha-bouchart","http://www.nossenateurs.fr/natacha-bouchart/csv"
"J_C_Boulard","Jean-Claude Boulard","Boulard","Jean-Claude","H",924,1869,633,77,50,False,False,343915508,"Jean-Claude Boulard","Conseiller d'Etat honoraire Sénateur de la Sarthe Maire du Mans Président Commission des Finances et Fiscalité de l'AMGVF / ACUF",2011-07-28T08:30:25,"https://www.facebook.com/pages/Jean-Claude-Boulard/409456969208193?ref=aymt_homepage_panel|https://twitter.com/J_C_Boulard","http://www.senat.fr/senateur/boulard_jean_claude14167v.html","jean-claude-boulard","http://www.nossenateurs.fr/jean-claude-boulard/csv"
"SenateurPSDoubs","Martial Bourquin","Bourquin","Martial","H",594,294,525,24,13,False,False,3221366699,"Martial Bourquin","Sénateur du Doubs - Maire d'Audincourt",2015-04-29T13:10:02,"https://twitter.com/SenateurPSDoubs|http://www.martial-bourquin.com","http://www.senat.fr/senateur/bourquin_martial08068f.html","martial-bourquin","http://www.nossenateurs.fr/martial-bourquin/csv"
"m_bouvard","Michel Bouvard","Bouvard","Michel","H",35,92,67,9,0,False,False,3136411486,"Michel Bouvard","Sénateur de la Savoie, Commissaire aux finances, Vice président du conseil départemental.",2015-04-05T10:28:04,"https://twitter.com/m_bouvard|http://www.michelbouvard.com/fr","http://www.senat.fr/senateur/bouvard_michel14175v.html","michel-bouvard","http://www.nossenateurs.fr/michel-bouvard/csv"
"nbricq","Nicole Bricq","Bricq","Nicole","F",104,276,134,18,8,False,False,2963967232,"Nicole Bricq","Sénatrice de Seine-et-Marne",2015-01-06T11:24:37,"https://twitter.com/nbricq|http://www.comfinances.fr","http://www.senat.fr/senateur/bricq_nicole04053f.html","nicole-bricq","http://www.nossenateurs.fr/nicole-bricq/csv"
"fnb_officiel","François-Noël Buffet","Buffet","François-Noël","H",523,1420,251,64,0,False,False,974131986,"François-Noël BUFFET","Sénateur du Rhône - Vice-président de la Commission des lois - Maire d'Oullins",2012-11-27T15:51:44,"http://www.francoisnoelbuffet.com|https://twitter.com/fnb_officiel|http://www.francoisnoelbuffet.fr|https://www.facebook.com/francoisnoel.buffet","http://www.senat.fr/senateur/buffet_francois_noel04047h.html","francois-noel-buffet","http://www.nossenateurs.fr/francois-noel-buffet/csv"
"ChristopheBechu","Christophe Béchu","Béchu","Christophe","H",2244,2954,202,94,129,True,False,1949364050,"Christophe Bechu","Maire d'@Angers, Président de @AngersAgglo, Sénateur de @Maine_et_Loire.",2013-10-09T14:14:35,"http://www.christophebechu.fr|https://twitter.com/ChristopheBechu","http://www.senat.fr/senateur/bechu_christophe11030c.html","christophe-bechu","http://www.nossenateurs.fr/christophe-bechu/csv"
"senateurcabanel","Henri Cabanel","Cabanel","Henri","H",22,147,144,10,3,False,False,3030599314,"Henri Cabanel","Sénateur de l'Hérault",2015-02-11T15:40:08,"https://twitter.com/senateurcabanel","http://www.senat.fr/senateur/cabanel_henri14207l.html","henri-cabanel","http://www.nossenateurs.fr/henri-cabanel/csv"
"OlivierCadic","Olivier Cadic","Cadic","Olivier","H",691,1122,535,65,14,False,False,356242750,"Olivier Cadic","Sénateur des Français établis hors de France, Co-président UDI-Monde, Secrétaire Nal UDI Commerce Extérieur",2011-08-16T15:17:28,"http://oliviercadic.com|https://twitter.com/OlivierCadic","http://www.senat.fr/senateur/cadic_olivier14255u.html","olivier-cadic","http://www.nossenateurs.fr/olivier-cadic/csv"
"jp_caffet","Jean-Pierre Caffet","Caffet","Jean-Pierre","H",137,653,217,42,11,False,False,986608590,"jp_Caffet","Sénateur PS de Paris",2012-12-03T13:21:17,"https://twitter.com/jp_caffet","http://www.senat.fr/senateur/caffet_jean_pierre04066l.html","jean-pierre-caffet","http://www.nossenateurs.fr/jean-pierre-caffet/csv"
"CalvetFrancois","François Calvet","Calvet","François","H",162,586,201,43,8,False,False,335912997,"Calvet François","Sénateur des Pyrénées-Orientales, Maire du Soler.",2011-07-15T13:04:04,"https://twitter.com/CalvetFrancois|http://www.francois-calvet.com","http://www.senat.fr/senateur/calvet_francois11101a.html","francois-calvet","http://www.nossenateurs.fr/francois-calvet/csv"
"ACanayer","Agnès Canayer","Canayer","Agnès","F",137,390,133,20,9,False,False,1482302382,"Agnès Canayer","",2013-06-04T13:45:37,"https://twitter.com/ACanayer","http://www.senat.fr/senateur/canayer_agnes14053l.html","agnes-canayer","http://www.nossenateurs.fr/agnes-canayer/csv"
"michelcanevet","Michel Canevet","Canevet","Michel","H",124,364,75,36,3,True,False,1976044310,"Michel CANEVET","#Sénateur du Finistère, #Maire de Plonéour-Lanvern, Président du Haut Pays Bigouden CC",2013-10-20T18:44:59,"https://twitter.com/michelcanevet|http://www.senat.fr/senateur/canevet_michel14083s.html|http://michelcanevet.fr","http://www.senat.fr/senateur/canevet_michel14083s.html","michel-canevet","http://www.nossenateurs.fr/michel-canevet/csv"
"Capo_Canellas","Vincent Capo-Canellas","Capo-Canellas","Vincent","H",230,115,290,6,1,False,False,3366419188,"V.CAPO-CANELLAS","Maire du Bourget Sénateur de la Seine-Saint-Denis Vice-Président du groupe UDI-UC du Sénat Trésorier National de l'UDI",2015-07-08T18:37:35,"http://vccblog.typepad.fr|https://twitter.com/Capo_Canellas","http://www.senat.fr/senateur/capo_canellas_vincent11053k.html","vincent-capo-canellas","http://www.nossenateurs.fr/vincent-capo-canellas/csv"
"JC_Carle","Jean-Claude Carle","Carle","Jean-Claude","H",1003,1187,487,53,115,False,False,1530303457,"Jean-Claude Carle","Sénateur de Haute-Savoie",2013-06-19T09:16:32,"https://twitter.com/JC_Carle","http://www.senat.fr/senateur/carle_jean_claude95015c.html","jean-claude-carle","http://www.nossenateurs.fr/jean-claude-carle/csv"
"f_cartron","Françoise Cartron","Cartron","Françoise","F",688,723,582,45,13,False,False,1870599732,"Françoise Cartron","Sénatrice de la Gironde depuis 2008 - Vice-Présidente du Sénat - Groupe socialiste et apparentés - Commission Culture, Education et Communication",2013-09-16T07:38:22,"http://www.francoisecartron.fr|https://www.facebook.com/francoise.cartron|https://twitter.com/f_cartron","http://www.senat.fr/senateur/cartron_francoise08024s.html","francoise-cartron","http://www.nossenateurs.fr/francoise-cartron/csv"
"luccarvounas","Luc Carvounas","Carvounas","Luc","H",1394,3860,1409,107,7,True,False,1006325990,"Luc Carvounas","Maire d'@Alfortville_94 - Sénateur du Val-de-Marne @senateursps - SN aux relations avec le parlement - membre du BN @partisocialiste",2012-12-12T13:15:31,"http://www.luccarvounas.fr|https://twitter.com/luccarvounas|http://www.facebook.com/profile.php?id=100003258944647&sk=wall","http://www.senat.fr/senateur/carvounas_luc11032e.html","luc-carvounas","http://www.nossenateurs.fr/luc-carvounas/csv"
"carolinecayeux","Caroline Cayeux","Cayeux","Caroline","F",29127,5971,3080,225,181,True,False,47337348,"Caroline Cayeux","Sénateur - Maire de Beauvais, Présidente de la Communauté d'Agglomération du Beauvaisis",2009-06-15T13:44:26,"https://twitter.com/carolinecayeux|https://www.facebook.com/caroline.cayeux.3|https://www.facebook.com/caroline.cayeux|http://www.carolinecayeux.com","http://www.senat.fr/senateur/cayeux_caroline11044j.html","caroline-cayeux","http://www.nossenateurs.fr/caroline-cayeux/csv"
"bernardcazeau","Bernard Cazeau","Cazeau","Bernard","H",174,765,152,50,2,True,False,1004299262,"Bernard Cazeau","Sénateur PS de la #Dordogne",2012-12-11T15:51:25,"http://www.cazeau.eu|https://www.facebook.com/bernard.cazeau.5?fref=ts|https://twitter.com/bernardcazeau|http://www.cazeau.fr","http://www.senat.fr/senateur/cazeau_bernard98029w.html","bernard-cazeau","http://www.nossenateurs.fr/bernard-cazeau/csv"
"P_Chaize","Patrick Chaize","Chaize","Patrick","H",165,316,110,22,4,False,False,2862043383,"Patrick Chaize","Sénateur de l'Ain, Maire de Vonnas, Membre de la commission Aménagement du Territoire et Developpement Durable du Sénat, Président de l'AVICCA",2014-11-05T07:48:40,"https://twitter.com/P_Chaize","http://www.senat.fr/senateur/chaize_patrick14038y.html","patrick-chaize","http://www.nossenateurs.fr/patrick-chaize/csv"
"Charon_Pierre","Pierre Charon","Charon","Pierre","H",22,337,422,8,6,False,False,3356979887,"Pierre Charon ن","Sénateur de Paris. Conseiller de Paris. Membre du bureau politique et secrétaire national @lesRepublicains.",2015-07-03T15:36:21,"https://twitter.com/Charon_Pierre|http://www.pierrecharon.fr","http://www.senat.fr/senateur/charon_pierre11080n.html","pierre-charon","http://www.nossenateurs.fr/pierre-charon/csv"
"DanielChasseing","Daniel Chasseing","Chasseing","Daniel","H",27,174,25,22,0,True,False,2849934544,"Daniel Chasseing","Sénateur de la #Corrèze / Maire de #Chamberet / Président de l'Association des Maires de la Corrèze",2014-10-29T14:50:09,"http://www.senat.fr/senateur/chasseing_daniel14195a.html|https://twitter.com/DanielChasseing","http://www.senat.fr/senateur/chasseing_daniel14195a.html","daniel-chasseing","http://www.nossenateurs.fr/daniel-chasseing/csv"
"chevenement","Jean-Pierre Chevènement","Chevènement","Jean-Pierre","H",3635,54745,627,1220,156,True,False,57116930,"J-P. Chevènement","Ancien ministre. Pdt de la Fondation Res Publica (@fondarespublica).",2009-07-15T19:49:47,"http://www.facebook.com/jpchevenement|https://twitter.com/chevenement|http://www.chevenement.fr|http://twitter.com/chevenement","http://www.senat.fr/senateur/chevenement_jean_pierre02053w.html","jean-pierre-chevenement","http://www.nossenateurs.fr/jean-pierre-chevenement/csv"
"KarineClaireaux","Karine Claireaux","Claireaux","Karine","F",109,121,365,12,40,False,False,3346341671,"Karine Claireaux","Sénateur de St-Pierre & Miquelon, Maire de St-Pierre, Présidente du Conseil National de la Mer & des Littoraux—#Outremer #Maritimité #Biodiversité #Océans #SPM",2015-06-26T08:19:47,"http://www.karineclaireaux.com|https://twitter.com/KarineClaireaux","http://www.senat.fr/senateur/claireaux_karine11023d.html","karine-claireaux","http://www.nossenateurs.fr/karine-claireaux/csv"
"LaurenceCohen94","Laurence Cohen","Cohen","Laurence","F",276,586,394,22,9,False,False,2862097384,"Laurence Cohen","Sénatrice du Val-de-Marne (CRC), Vice-Présidente de la commission des affaires sociales, délégation aux droits des femmes. Conseillère régionale Ile-de-France.",2014-11-05T07:47:41,"https://twitter.com/LaurenceCohen94|http://www.laurencecohen.fr","http://www.senat.fr/senateur/cohen_laurence11031d.html","laurence-cohen","http://www.nossenateurs.fr/laurence-cohen/csv"
"gerardcollomb","Gérard Collomb","Collomb","Gérard","H",4712,40194,2345,960,1503,True,False,11694252,"Gérard Collomb","Sénateur-Maire de #Lyon, Président de la Métropole de Lyon",2007-12-31T17:41:16,"https://twitter.com/gerardcollomb|http://www.gerardcollomb.fr","http://www.senat.fr/senateur/collomb_gerard99002p.html","gerard-collomb","http://www.nossenateurs.fr/gerard-collomb/csv"
"FCommeinhes","François Commeinhes","Commeinhes","François","H",0,126,60,10,1,False,False,3016812478,"François COMMEINHES","Sénateur UMP de l'Hérault",2015-02-04T08:28:36,"http://www.senat.fr|https://twitter.com/FCommeinhes","http://www.senat.fr/senateur/commeinhes_francois14209n.html","francois-commeinhes","http://www.nossenateurs.fr/francois-commeinhes/csv"
"hmouretconway","Hélène Conway-Mouret","Conway Mouret","Hélène","F",1756,4165,872,222,122,True,False,305575260,"Helene Conway-Mouret","Sénatrice des Français de l'étranger, ancienne ministre déléguée",2011-05-26T13:12:15,"http://www.helene-conway.com|https://twitter.com/hmouretconway|https://www.facebook.com/heleneconwaymouret","http://www.senat.fr/senateur/conway_mouret_helene11027h.html","helene-conway-mouret","http://www.nossenateurs.fr/helene-conway-mouret/csv"
"CornanoJacques","Jacques Cornano","Cornano","Jacques","H",744,391,175,64,18,True,False,521554712,"Cornano Jacques","Sénateur de la #Guadeloupe (971), Maire de Saint-Louis de #MarieGalante, Commission du #Devdurable [...] French #Senator #caribbean http://t.co/fW5oIZjJMI",2012-03-11T18:35:57,"http://jacquescornano.com|https://twitter.com/CornanoJacques","http://www.senat.fr/senateur/cornano_jacques11114f.html","jacques-cornano","http://www.nossenateurs.fr/jacques-cornano/csv"
"gerardcornu","Gérard Cornu","Cornu","Gérard","H",84,607,72,51,2,False,False,774264626,"Gérard Cornu","Sénateur #lesRepublicains d'Eure-et-Loir - VP Commission aménagement du territoire",2012-08-22T18:46:16,"https://twitter.com/gerardcornu|http://gerardcornu.wordpress.com","http://www.senat.fr/senateur/cornu_gerard98023q.html","gerard-cornu","http://www.nossenateurs.fr/gerard-cornu/csv"
"RAYMOND_COUDERC","Raymond Couderc","Couderc","Raymond","H",667,802,41,83,2,False,False,84071417,"Raymond COUDERC","",2009-10-21T12:40:07,"https://twitter.com/RAYMOND_COUDERC|https://www.facebook.com/raymond.couderc|http://www.raymond-couderc.fr","http://www.senat.fr/senateur/couderc_raymond07030l.html","raymond-couderc","http://www.nossenateurs.fr/raymond-couderc/csv"
"COURTOIS_JP","Jean-Patrick Courtois","Courtois","Jean-Patrick","H",23,355,12,30,0,False,False,1479161936,"Jean-PatrickCOURTOIS","Sénateur - Maire de Mâcon / Vice-Président du Sénat",2013-06-03T08:09:18,"https://twitter.com/COURTOIS_JP|http://www.jeanpatrickcourtois.fr","http://www.senat.fr/senateur/courtois_jean_patrick95020y.html","jean-patrick-courtois","http://www.nossenateurs.fr/jean-patrick-courtois/csv"
"CecileCukierman","Cécile Cukierman","Cukierman","Cécile","F",183,747,321,56,74,False,False,380298359,"Cécile Cukierman","Senatrice de la Loire, conseillere regionale rhone alpes, conseillere speciale en charge de l'egalité entre les femmes et les hommes. http://t.co/sHEFs8BTJs",2011-09-26T12:22:59,"http://www.cecile-cukierman.fr|https://twitter.com/CecileCukierman","http://www.senat.fr/senateur/cukierman_cecile11056n.html","cecile-cukierman","http://www.nossenateurs.fr/cecile-cukierman/csv"
"philippedallier","Philippe Dallier","Dallier","Philippe","H",5742,4330,241,159,11,True,False,391897991,"Philippe Dallier","Sénateur de Seine-Saint-Denis, Vice-Président délégué du groupe Les Républicains au Sénat, Maire des Pavillons-sous-Bois",2011-10-16T08:10:20,"https://twitter.com/philippedallier|http://www.philippedallier.fr|https://twitter.com/#!/philippedallier","http://www.senat.fr/senateur/dallier_philippe04086q.html","philippe-dallier","http://www.nossenateurs.fr/philippe-dallier/csv"
"RonanDantec","Ronan Dantec","Dantec","Ronan","H",3090,3082,955,182,98,False,False,628475111,"Ronan Dantec","Sénateur écologiste du 44, vice-président de la commission développement durable du Sénat, conseiller municipal de Nantes, porte-parole climat de CGLU @UCLG_org",2012-07-06T15:32:59,"https://www.facebook.com/RonanDantec|http://ronandantec.eelv.fr|https://twitter.com/RonanDantec|http://www.ronandantec.fr","http://www.senat.fr/senateur/dantec_ronan11065p.html","ronan-dantec","http://www.nossenateurs.fr/ronan-dantec/csv"
"mathdarnaud","Mathieu Darnaud","Darnaud","Mathieu","H",3053,2085,967,89,25,False,False,342574994,"Mathieu Darnaud","Sénateur de l'Ardèche - Maire de @villedeGGranges",2011-07-26T07:10:27,"https://twitter.com/mathdarnaud","http://www.senat.fr/senateur/darnaud_mathieu14259y.html","mathieu-darnaud","http://www.nossenateurs.fr/mathieu-darnaud/csv"
"YDaudigny","Yves Daudigny","Daudigny","Yves","H",577,336,302,22,12,False,False,2785271919,"Yves Daudigny","",2014-09-26T11:42:45,"http://www.yvesdaudigny.com|https://twitter.com/YDaudigny","http://www.senat.fr/senateur/daudigny_yves08052w.html","yves-daudigny","http://www.nossenateurs.fr/yves-daudigny/csv"
"anniedavid38","Annie David","David","Annie","F",300,410,282,17,18,True,False,2849448075,"Annie David","#Sénatrice de l'#Isère - Conseillère municipale de Villard-Bonnot - Membre du Conseil départementale de la fédération de l'Isère du #PCF",2014-10-29T08:12:47,"https://twitter.com/anniedavid38|http://www.anniedavid.fr","http://www.senat.fr/senateur/david_annie01059y.html","annie-david","http://www.nossenateurs.fr/annie-david/csv"
"IDebre","Isabelle Debré","Debré","Isabelle","F",12,155,19,7,0,True,False,3352925303,"Isabelle Debré","Vice-Présidente du Sénat, Vice-présidente du Conseil Départemental des Hauts-de-Seine",2015-07-01T08:02:03,"http://isabelledebre.fr|http://www.senat.fr/senateur/debre_isabelle04081k.html|https://twitter.com/IDebre","http://www.senat.fr/senateur/debre_isabelle04081k.html","isabelle-debre","http://www.nossenateurs.fr/isabelle-debre/csv"
"V_Delahaye","Vincent Delahaye","Delahaye","Vincent","H",528,1167,399,94,290,False,False,264199387,"Vincent Delahaye","Sénateur de l'Essonne, Vice-Président de la Commission des finances, Maire de Massy",2011-03-11T14:17:41,"http://www.vincentdelahaye.fr|http://vincentdelahaye.fr|https://twitter.com/V_Delahaye","http://www.senat.fr/senateur/delahaye_vincent11070l.html","vincent-delahaye","http://www.nossenateurs.fr/vincent-delahaye/csv"
"MichelDelebarre","Michel Delebarre","Delebarre","Michel","H",725,1688,132,112,140,False,False,310277581,"Michel Delebarre","Michel Delebarre, Ancien Ministre d'État, Sénateur du Nord, membre du Comité des Régions de l'Union Européenne",2011-06-03T13:45:06,"https://twitter.com/MichelDelebarre|http://www.senat.fr/senateur/delebarre_michel11035h.html","http://www.senat.fr/senateur/delebarre_michel11035h.html","michel-delebarre","http://www.nossenateurs.fr/michel-delebarre/csv"
"MDemessine","Michelle Demessine","Demessine","Michelle","F",315,888,1019,64,31,False,False,1221891626,"Michelle Demessine","Élue #PCF du #Nord au #sénat et ancienne #Ministre du #Tourisme, adjointe au Maire de #Lille et Vice-Présidente de Lille Métropole chargée du #sport.",2013-02-26T14:22:08,"http://www.michelledemessine.fr|https://twitter.com/MDemessine","http://www.senat.fr/senateur/demessine_michelle92018s.html","michelle-demessine","http://www.nossenateurs.fr/michelle-demessine/csv"
"CDeroche_Senat","Catherine Deroche","Deroche","Catherine","F",1814,1445,245,78,69,True,False,1358847770,"Catherine Deroche","Sénatrice UMP de Maine et Loire, Vice-présidente du groupe UMP du Sénat,Membre de la commission des affaires sociales, Conseillère régionale Pays de la Loire",2013-04-17T07:45:10,"http://www.senat.fr/senateur/deroche_catherine10006l.html|https://twitter.com/CDeroche_Senat|http://www.bechu-deroche.fr","http://www.senat.fr/senateur/deroche_catherine10006l.html","catherine-deroche","http://www.nossenateurs.fr/catherine-deroche/csv"
"jackysingapore","Jacky Deromedi","Deromedi","Jacky","F",389,326,183,25,1,False,False,147974770,"Jacky Deromedi","Sénateur représentant les Français établis hors de France",2010-05-25T14:28:12,"https://twitter.com/jacky_deromedi|http://sg.linkedin.com/pub/deromedi-jacky/0/4a4/631|https://twitter.com/jackysingapore|http://deromedi.org|https://fr-fr.facebook.com/jacky.deromedi|http://jackyderomedi.blogspot.sg","http://www.senat.fr/senateur/deromedi_jacky14041t.html","jacky-deromedi","http://www.nossenateurs.fr/jacky-deromedi/csv"
"mhdesesgaulx","Marie-Hélène Des Esgaulx","Des Esgaulx","Marie-Hélène","F",1894,1283,239,69,84,True,False,1429821811,"MH DES ESGAULX","Sénateur de la Gironde, vice présidente de la commission des finances, rapporteur transports terrestres, Maire de Gujan-Mestras, présidente de la Cobas",2013-05-15T07:38:10,"http://mhdesesgaulx.com|https://twitter.com/mhdesesgaulx|http://blogmhde.fr|http://www.votremaireendirect.fr","http://www.senat.fr/senateur/des_esgaulx_marie_helene08022q.html","marie-helene-des-esgaulx","http://www.nossenateurs.fr/marie-helene-des-esgaulx/csv"
"jeandesessard","Jean Desessard","Desessard","Jean","H",51,666,1571,25,14,False,False,2169915501,"Jean Desessard","Sénateur Ecologiste de Paris",2013-11-05T21:02:57,"https://twitter.com/jeandesessard|http://www.desessard-senateur.org","http://www.senat.fr/senateur/desessard_jean04067m.html","jean-desessard","http://www.nossenateurs.fr/jean-desessard/csv"
"E_Doineau","Elisabeth Doineau","Doineau","Elisabeth","F",720,1087,697,43,21,False,False,549162206,"Elisabeth Doineau","Sénatrice de la Mayenne, Vice-présidente du @CGMayenne / @Senat_Info",2012-04-09T11:47:20,"https://twitter.com/E_Doineau|https://elisabethdoineau.wordpress.com|http://elisabethdoineau.wordpress.com|http://instagram.com/elisabeth_doineau|https://www.facebook.com/elisabethdoineau","http://www.senat.fr/senateur/doineau_elisabeth14042u.html","elisabeth-doineau","http://www.nossenateurs.fr/elisabeth-doineau/csv"
"PhDominati","Philippe Dominati","Dominati","Philippe","H",120,728,383,46,0,True,False,1222348645,"Philippe Dominati","Sénateur de Paris depuis 2004 - Membre de la commission des Finances - Ancien Conseiller Régional - Ancien Conseiller de Paris",2013-02-26T16:32:45,"http://www.senat.fr/senateur/dominati_philippe04071h.html|https://twitter.com/PhDominati","http://www.senat.fr/senateur/dominati_philippe04071h.html","philippe-dominati","http://www.nossenateurs.fr/philippe-dominati/csv"
"DanielDubois80","Daniel Dubois","Dubois","Daniel","H",165,444,287,34,182,False,False,2801956383,"Daniel Dubois","Sénateur de la Somme @UDIUC | Vice-président de la commission des Affaires économiques",2014-10-03T14:07:47,"http://www.danieldubois.info|https://twitter.com/DanielDubois80","http://www.senat.fr/senateur/dubois_daniel04089t.html","daniel-dubois","http://www.nossenateurs.fr/daniel-dubois/csv"
"jldupont14","Jean-Léonce Dupont","Dupont","Jean-Léonce","H",1589,2111,423,103,77,True,False,1280517445,"Jean-Léonce Dupont","Sénateur du #Calvados (14), Questeur, Conseiller général de #Bayeux et Président du Conseil départemental du #Calvados",2013-03-19T13:58:22,"http://www.jeanleoncedupont.fr|https://www.facebook.com/jeanleoncedupont|https://twitter.com/jldupont14","http://www.senat.fr/senateur/dupont_jean_leonce98042t.html","jean-leonce-dupont","http://www.nossenateurs.fr/jean-leonce-dupont/csv"
"Jeromedurain","Jérôme Durain","Durain","Jérôme","H",62,304,153,25,1,False,False,383161407,"DURAIN Jérôme","Sénateur de Saône-et-Loire",2011-10-01T11:25:14,"http://jeromedurain.com|https://twitter.com/Jeromedurain","http://www.senat.fr/senateur/durain_jerome14151m.html","jerome-durain","http://www.nossenateurs.fr/jerome-durain/csv"
"NicoleDuranton","Nicole Duranton","Duranton","Nicole","F",406,674,624,34,28,False,False,2806015695,"Nicole Duranton","Sénateur de l'Eure - Vice Présidente du Grand Evreux Agglomération - Conseillère Municipale d'Evreux #AvecBLM #UMP",2014-10-04T18:52:24,"https://twitter.com/NicoleDuranton|http://www.senat.fr/senateur/duranton_nicole14249w.html","http://www.senat.fr/senateur/duranton_nicole14249w.html","nicole-duranton","http://www.nossenateurs.fr/nicole-duranton/csv"
"YvesDetraigne","Yves Détraigne","Détraigne","Yves","H",998,822,798,49,441,True,False,2224958981,"Yves Détraigne","Sénateur de la Marne - Maire de Witry-lés-Reims - Président de l Association des Maires de la Marne",2013-12-14T09:41:31,"http://www.senateur-detraigne.org|https://twitter.com/YvesDetraigne","http://www.senat.fr/senateur/detraigne_yves01024m.html","yves-detraigne","http://www.nossenateurs.fr/yves-detraigne/csv"
"VincentEBLE","Vincent Eblé","Eblé","Vincent","H",237,958,169,56,63,True,False,460260217,"Vincent EBLE","Président du groupe socialiste et républicain au Département de Seine-et-Marne. Ancien PCG. Sénateur - membre de la Commission des Finances au #Sénat",2012-01-10T15:23:45,"https://twitter.com/VincentEBLE|http://www.seine-et-marne.fr","http://www.senat.fr/senateur/eble_vincent11074q.html","vincent-eble","http://www.nossenateurs.fr/vincent-eble/csv"
"anneEmeryDumas","Anne Emery-Dumas","Emery-Dumas","Anne","F",152,194,153,25,6,False,False,2292335058,"anne Emery-Dumas","Sénatrice de la Nièvre",2014-01-15T07:48:17,"https://twitter.com/anneEmeryDumas","http://www.senat.fr/senateur/emery_dumas_anne12042y.html","anne-emery-dumas","http://www.nossenateurs.fr/anne-emery-dumas/csv"
"FEspagnac","Frédérique Espagnac","Espagnac","Frédérique","F",2824,5870,4718,195,749,True,False,504831684,"Frédérique Espagnac","Sénatrice des Pyrénées-Atlantiques. Vice Presidente du Groupe Socialiste #Sénat. Secrétaire Nationale à l'Economie Sociale et Solidaire #ÉSS",2012-02-26T18:23:50,"https://twitter.com/FEspagnac|http://www.frederiqueespagnac.com","http://www.senat.fr/senateur/espagnac_frederique11110b.html","frederique-espagnac","http://www.nossenateurs.fr/frederique-espagnac/csv"
"dominiq_estrosi","Dominique Estrosi Sassone","Estrosi Sassone","Dominique","F",2156,3694,525,87,92,True,False,260970438,"Dominique Estrosi","Sénateur des Alpes-Maritimes | Présidente de Côte d'Azur Habitat | Adjointe au Maire de #Nice06 @VilleDeNice",2011-03-05T00:12:58,"https://fr-fr.facebook.com/dominique.estrosi|https://twitter.com/dominiq_estrosi|http://www.senat.fr/senateur/estrosi_sassone_dominique14187a.html","http://www.senat.fr/senateur/estrosi_sassone_dominique14187a.html","dominique-estrosi-sassone","http://www.nossenateurs.fr/dominique-estrosi-sassone/csv"
"hubertfalco","Hubert Falco","Falco","Hubert","H",499,2767,1424,74,255,True,False,2178364993,"Hubert Falco","Sénateur-Maire de #Toulon - Président de Toulon Provence Méditerranée - Ancien Ministre",2013-11-06T16:11:10,"http://www.hubertfalco.fr|https://twitter.com/hubertfalco","http://www.senat.fr/senateur/falco_hubert95031c.html","hubert-falco","http://www.nossenateurs.fr/hubert-falco/csv"
"c_feret","Corinne Feret","Feret","Corinne","F",2356,382,189,16,7,False,False,1978247185,"Corinne Feret","Conseillére Departementale Caen 4, Conseillere municipale de Caen",2013-10-21T10:15:27,"https://twitter.com/c_feret","http://www.senat.fr/senateur/feret_corinne14281w.html","corinne-feret","http://www.nossenateurs.fr/corinne-feret/csv"
"michelforissier","Michel Forissier","Forissier","Michel","H",290,711,32,40,2,False,False,245717764,"Michel Forissier","Sénateur du Rhône - Maire de Meyzieu - Conseiller communautaire du Grand Lyon - Secrétaire départemental de l'UMP du Rhône",2011-02-01T09:37:38,"https://twitter.com/michelforissier|http://www.michelforissier.org|https://www.facebook.com/michel.forissier.69","http://www.senat.fr/senateur/forissier_michel14087w.html","michel-forissier","http://www.nossenateurs.fr/michel-forissier/csv"
"AlainFouche","Alain Fouché","Fouché","Alain","H",69,474,62,54,1,False,False,539392704,"Alain Fouché","Sénateur (UMP) de la Vienne, Conseiller Départemental de la Vienne",2012-03-28T19:16:17,"https://twitter.com/AlainFouche|http://www.alainfouche.fr","http://www.senat.fr/senateur/fouche_alain02002k.html","alain-fouche","http://www.nossenateurs.fr/alain-fouche/csv"
"j_paulfournier","Jean-Paul Fournier","Fournier","Jean-Paul","H",1093,3851,690,93,383,True,False,1335981955,"Jean-Paul Fournier","Sénateur du #Gard | Maire de @nimes | Secrétaire départemental @lesRepublicains",2013-04-08T07:20:28,"https://www.facebook.com/JeanPaulFournier30|https://twitter.com/j_paulfournier|http://www.jean-paul-fournier.com","http://www.senat.fr/senateur/fournier_jean_paul08065c.html","jean-paul-fournier","http://www.nossenateurs.fr/jean-paul-fournier/csv"
"C_Frassa","Christophe-André Frassa","Frassa","Christophe-André","H",2953,2684,2254,132,1504,True,False,343884304,"Christophe Frassa ن","Sénateur des Français de l'étranger | @lesRep_Senat | Délégué national @lesRepublicains aux Français de l'étranger | SG Section Française @APFfrancophonie",2011-07-28T07:02:12,"https://twitter.com/C_Frassa|http://www.facebook.com/cfrassa|http://fr.linkedin.com/in/cfrassa|http://www.union2014.fr","http://www.senat.fr/senateur/frassa_christophe_andre08018u.html","christophe-andre-frassa","http://www.nossenateurs.fr/christophe-andre-frassa/csv"
"JMGabouty","Jean-Marc Gabouty","Gabouty","Jean-Marc","H",163,389,149,36,1,False,False,539001157,"Jean-Marc Gabouty","Sénateur de la Haute-Vienne. Maire de @VilledeCouzeix. Membre du Goupe @UDIUC au @senat. Président @PartiRadical87 et @UDI_HauteVienne",2012-03-28T12:33:29,"https://twitter.com/JMGabouty|http://www.udi-uc-senat.fr/senateur-udi-uc-senat_jean-marc-gabouty_60.php|http://gabouty2012.fr","http://www.senat.fr/senateur/gabouty_jean_marc14034u.html","jean-marc-gabouty","http://www.nossenateurs.fr/jean-marc-gabouty/csv"
"senateurJGM","Joëlle Garriaud-Maylam","Garriaud-Maylam","Joëlle","F",8385,6238,2004,212,3812,True,False,114998731,"J. Garriaud-Maylam ن","Sénatrice des Français de l'étranger. Secr Commission Affaires étrangères & Défense.Rapporteur général à l'Ass parlementaire OTAN.Secr national LesRépublicains",2010-02-17T08:19:52,"http://www.joellegarriaud.com|https://www.facebook.com/jgarriaudmaylam|https://twitter.com/senateurJGM","http://www.senat.fr/senateur/garriaud_maylam_joelle04035d.html","joelle-garriaud-maylam","http://www.nossenateurs.fr/joelle-garriaud-maylam/csv"
"AndreGattolin","André Gattolin","Gattolin","André","H",1901,1483,814,82,212,True,False,817061142,"André Gattolin","Sénateur des Hauts-de-Seine. EELV, écologiste et européen. http://t.co/dgR86XiooH.",2012-09-11T09:32:53,"http://www.facebook.com/pages/Andr%C3%A9-Gattolin/279293882080708|http://www.andregattolin.net|http://arctiquesenateur.tumblr.com|https://twitter.com/AndreGattolin","http://www.senat.fr/senateur/gattolin_andre11083r.html","andre-gattolin","http://www.nossenateurs.fr/andre-gattolin/csv"
"jcgaudin","Jean-Claude Gaudin","Gaudin","Jean-Claude","H",1582,16289,454,549,46,True,False,34566426,"Jean-Claude GAUDIN","Sénateur Maire de Marseille",2009-04-23T08:18:30,"https://twitter.com/jcgaudin|http://www.jeanclaudegaudin.net","http://www.senat.fr/senateur/gaudin_jean_claude89029v.html","jean-claude-gaudin","http://www.nossenateurs.fr/jean-claude-gaudin/csv"
"samiaghali2","Samia Ghali","Ghali","Samia","F",684,4413,1867,128,147,False,False,1435362097,"Samia GHALI ","Twitter officiel de Samia GHALI Sénatrice-Maire des 15ème et 16ème arrondissements de Marseille",2013-05-17T10:59:01,"http://www.mairie15-16.fr|https://twitter.com/samiaghali2","http://www.senat.fr/senateur/ghali_samia08035v.html","samia-ghali","http://www.nossenateurs.fr/samia-ghali/csv"
"brunogilles13","Bruno Gilles","Gilles","Bruno","H",478,1858,72,77,5,True,False,493589985,"Bruno Gilles","Sénateur des Bouches du Rhône, Maire des 4e et 5e arrondissements de #Marseille Secrétaire Départemental @lesrepublicains #lesrepublicains",2012-02-15T23:40:21,"https://fr-fr.facebook.com/pages/Bruno-GILLES/232795197899|http://brunogilles.typepad.fr/blogbg|http://www.senat.fr|https://twitter.com/brunogilles13","http://www.senat.fr/senateur/gilles_bruno08048b.html","bruno-gilles","http://www.nossenateurs.fr/bruno-gilles/csv"
"DominiqueGillot","Dominique Gillot","Gillot","Dominique","F",296,534,230,45,53,False,False,465643586,"Dominique Gillot","Sénatrice du Val d'Oise (PS). Ancienne ministre. Membre de la commission de la Culture, de l'Éducation et de la Communication",2012-01-16T15:47:36,"http://www.dominiquegillot.com|https://twitter.com/DominiqueGillot|http://dominiquegillot.com","http://www.senat.fr/senateur/gillot_dominique11089x.html","dominique-gillot","http://www.nossenateurs.fr/dominique-gillot/csv"
"Jacques_GILLOT","Jacques Gillot","Gillot","Jacques","H",38,135,165,10,0,False,False,2999842084,"Jacques GILLOT","",2015-01-26T15:32:06,"https://twitter.com/Jacques_GILLOT","http://www.senat.fr/senateur/gillot_jacques04095r.html","jacques-gillot","http://www.nossenateurs.fr/jacques-gillot/csv"
"ElianeGiraud","Éliane Giraud","Giraud","Éliane","F",1,29,8,1,0,False,False,3191057781,"Éliane Giraud","Sénatrice de l'Isère, Présidence du Parc naturel régional de Chartreuse et Vice-Présidente de la Région Rhônes-Alpes. #AuvergneRhôneAlpes",2015-04-21T15:07:05,"https://twitter.com/ElianeGiraud","http://www.senat.fr/senateur/giraud_eliane14014q.html","eliane-giraud","http://www.nossenateurs.fr/eliane-giraud/csv"
"gonthier_maurin","Brigitte Gonthier-Maurin","Gonthier-Maurin","Brigitte","F",65,197,52,26,0,False,False,2281815019,"B. Gonthier-Maurin","Sénatrice des Hauts-de-Seine, #éducation, #ESR",2014-01-08T08:20:54,"http://www.senat.fr/senateur/gonthier_maurin_brigitte07026q.html|https://twitter.com/gonthier_maurin","http://www.senat.fr/senateur/gonthier_maurin_brigitte07026q.html","brigitte-gonthier-maurin","http://www.nossenateurs.fr/brigitte-gonthier-maurin/csv"
"ggorce","Gaëtan Gorce","Gorce","Gaëtan","H",2895,7937,292,350,12,True,False,168565419,"Gaëtan Gorce","Sénateur de la Nièvre - Conseiller municipal de La Charité sur Loire",2010-07-20T07:10:27,"http://gorce.typepad.fr|http://www.gorce.typepad.fr|https://twitter.com/ggorce|https://www.facebook.com/gaetan.gorce","http://www.senat.fr/senateur/gorce_gaetan11015d.html","gaetan-gorce","http://www.nossenateurs.fr/gaetan-gorce/csv"
"senateur61","Nathalie Goulet","Goulet","Nathalie","F",48438,8312,4055,217,12027,True,False,318492642,"Nathalie Goulet","Présidente de la commission d'enquête sur les réseaux jihadistes ,Vice-Presidente de la Commission des Affaires étrangères du Sénat J❤️Nesfeh Jahan et Aznavour",2011-06-16T15:38:00,"https://twitter.com/senateur61|http://www.nathaliegoulet.fr","http://www.senat.fr/senateur/goulet_nathalie07004j.html","nathalie-goulet","http://www.nossenateurs.fr/nathalie-goulet/csv"
"j_gourault","Jacqueline Gourault","Gourault","Jacqueline","F",59,613,671,30,7,False,False,2841918969,"Jacqueline Gourault","Vice-Présidente du Sénat",2014-10-23T14:46:01,"https://www.facebook.com/pages/Jacqueline-Gourault/197662030388538|https://twitter.com/j_gourault|http://www.jgourault.fr","http://www.senat.fr/senateur/gourault_jacqueline01007l.html","jacqueline-gourault","http://www.nossenateurs.fr/jacqueline-gourault/csv"
"SGoyChavent","Sylvie Goy-Chavent","Goy-Chavent","Sylvie","F",4645,1017,383,60,84,False,False,1867353348,"Sylvie Goy-Chavent ن","Sénatrice-Maire de Cerdon (Ain), membre de la Commission des Affaires Etrangères, des Armées et de la Défense, Présidente de l'UDI de l'Ain",2013-09-15T11:35:03,"https://twitter.com/SGoyChavent","http://www.senat.fr/senateur/goy_chavent_sylvie08056b.html","sylvie-goy-chavent","http://www.nossenateurs.fr/sylvie-goy-chavent/csv"
"JeanPierreGrand","Jean-Pierre Grand","Grand","Jean-Pierre","H",912,1560,422,63,12,True,False,186799138,"Jean-Pierre GRAND","Sénateur - Maire de Castelnau-le-Lez",2010-09-04T12:45:32,"http://www.senat.fr/senateur/grand_jean_pierre14211g.html|https://twitter.com/JeanPierreGrand|http://www.jeanpierregrand.fr|https://www.facebook.com/jpgrand34","http://www.senat.fr/senateur/grand_jean_pierre14211g.html","jean-pierre-grand","http://www.nossenateurs.fr/jean-pierre-grand/csv"
"GrosdidierSenat","François Grosdidier","Grosdidier","François","H",1011,1250,1748,47,132,False,False,1931057509,"François GROSDIDIER","Sénateur de la Moselle, Maire de Woippy, Président de la Fédération des Maires Moselle, Président de Valeur écologie. Rénovation urbaine, Ecologie, Sécurité",2013-10-03T15:00:46,"https://twitter.com/GrosdidierSenat|http://francois-grosdidier.over-blog.com","http://www.senat.fr/senateur/grosdidier_francois11049p.html","francois-grosdidier","http://www.nossenateurs.fr/francois-grosdidier/csv"
"JGrosperrin","Jacques Grosperrin","Grosperrin","Jacques","H",706,638,286,29,13,False,False,579878272,"Jacques Grosperrin ","Jacques Grosperrin, candidat de l'Union UMP-UDI-MoDem pour l'élection municipale de mars 2014. Compte géré par le candidat et son équipe. #JG14 #mun25000",2012-05-14T13:26:03,"http://www.jacquesgrosperrin2014.fr|https://twitter.com/JGrosperrin","http://www.senat.fr/senateur/grosperrin_jacques14123h.html","jacques-grosperrin","http://www.nossenateurs.fr/jacques-grosperrin/csv"
"pascalegruny","Pascale Gruny","Gruny","Pascale","F",666,645,22,67,0,False,False,92027332,"Pascale Gruny","Député Européen",2009-11-23T14:14:37,"https://twitter.com/pascalegruny|http://www.pascale-gruny.eu","http://www.senat.fr/senateur/gruny_pascale14026u.html","pascale-gruny","http://www.nossenateurs.fr/pascale-gruny/csv"
"Joel_Guerriau","Joël Guerriau","Guerriau","Joël","H",1053,1376,301,87,12,True,False,237728444,"Joël Guerriau","Sénateur #UDI de la Loire-atlantique• Maire de @saintseb •Secrétaire de la commission des Aff. Etrangères, de la Défense et des Forces Armées #Senat Psdt #UDI44",2011-01-13T14:00:24,"http://www.senat.fr/senateur/guerriau_joel11064n.html|http://blog.joelguerriau.fr|https://twitter.com/Joel_Guerriau","http://www.senat.fr/senateur/guerriau_joel11064n.html","joel-guerriau","http://www.nossenateurs.fr/joel-guerriau/csv"
"dguillaume26","Didier Guillaume","Guillaume","Didier","H",3108,3530,1254,124,16,True,False,555044349,"Didier GUILLAUME","Président du groupe #Socialiste et apparentés du #Sénat",2012-04-16T08:22:34,"http://www.senat.fr|https://twitter.com/dguillaume26","http://www.senat.fr/senateur/guillaume_didier08016s.html","didier-guillaume","http://www.nossenateurs.fr/didier-guillaume/csv"
"jnguerini","Jean-Noël Guérini","Guérini","Jean-Noël","H",1302,3204,621,186,2,True,False,120120335,"Jean-Noël Guérini","Sénateur des Bouches-du-Rhône et Président du Conseil général",2010-03-05T14:36:26,"https://twitter.com/jnguerini|http://www.jn-guerini.fr","http://www.senat.fr/senateur/guerini_jean_noel98022p.html","jean-noel-guerini","http://www.nossenateurs.fr/jean-noel-guerini/csv"
"OHerviaux_Senat","Odette Herviaux","Herviaux","Odette","F",17622,942,393,161,47,False,False,1341389497,"Odette Herviaux","Sénatrice du Morbihan - Présidente du Groupe d'Etudes Mer et Littoral",2013-04-10T08:40:59,"http://www.odetteherviaux.fr|https://twitter.com/OHerviaux_Senat","http://www.senat.fr/senateur/herviaux_odette01022k.html","odette-herviaux","http://www.nossenateurs.fr/odette-herviaux/csv"
"loichervepublic","Loïc Hervé","Hervé","Loïc","H",7463,2686,4076,78,7561,True,False,252233750,"Loïc Hervé ن","Sénateur @dep_74 (@UDIUC), Maire @MairiedeMarnaz, Pdt #ComCom Cluses Arve et #Montagnes, Commissaire @CNIL, SGA @petitesvilles, Pdt GE #numérique @Senat_info",2011-02-14T19:39:57,"https://www.facebook.com/loic.herve.public|http://fr.linkedin.com/pub/lo%C3%AFc-herv%C3%A9/69/639/474|http://loicherve.hautetfort.com|https://twitter.com/loichervepublic|http://www.senat.fr/senateur/herve_loic14179a.html|https://www.facebook.com/loichervepage","http://www.senat.fr/senateur/herve_loic14179a.html","loic-herve","http://www.nossenateurs.fr/loic-herve/csv"
"alainhoupert","Alain Houpert","Houpert","Alain","H",6763,3479,3401,125,375,True,False,101817931,"Alain Houpert","Sénateur de la Côte-d'Or, membre de la Commission des Finances. Conseiller municipal de Dijon. Médecin Radiologue.",2010-01-04T17:39:49,"https://twitter.com/alainhoupert|http://www.alainhoupert.fr","http://www.senat.fr/senateur/houpert_alain08069g.html","alain-houpert","http://www.nossenateurs.fr/alain-houpert/csv"
"RobertHueOff","Robert Hue","Hue","Robert","H",2036,4383,2145,75,345,False,False,938768311,"ROBERT HUE","Président du mouvement des Progressistes (#mdP), #Sénateur, Représentant spécial pour les relations économiques de la #‎France avec l’#AfriqueDuSud.",2012-11-10T10:18:33,"http://www.md-progressistes.fr|https://twitter.com/RobertHueOff","http://www.senat.fr/senateur/hue_robert04078q.html","robert-hue","http://www.nossenateurs.fr/robert-hue/csv"
"jf_husson","Jean-François Husson","Husson","Jean-François","H",222,751,177,48,10,False,False,1565130361,"Jean-François Husson","Sénateur M&Moselle, VPdt Cté Urbaine Gd Nancy, Pdt Scot Sud54 #DD #Energie #urbanisme et aménagement du territoire Agent Assurances",2013-07-03T07:19:26,"https://twitter.com/jf_husson|http://www.jeanfrancoishusson.fr","http://www.senat.fr/senateur/husson_jean_francois11048n.html","jean-francois-husson","http://www.nossenateurs.fr/jean-francois-husson/csv"
"imbertcorinne17","Corinne Imbert","Imbert","Corinne","F",832,652,305,30,3,True,False,2153608734,"Corinne IMBERT","Sénatrice-Maire de Beauvais-sur-Matha, Première Vice-Presidente @departement17 - Canton de #Matha - #Pharmacien",2013-10-24T20:24:33,"http://www.senat.fr/senateur/imbert_corinne14213j.html|https://twitter.com/imbertcorinne17","http://www.senat.fr/senateur/imbert_corinne14213j.html","corinne-imbert","http://www.nossenateurs.fr/corinne-imbert/csv"
"PJarlier","Pierre Jarlier","Jarlier","Pierre","H",33,498,153,30,4,True,False,2328417882,"Pierre Jarlier","Sénateur du #Cantal, Commission des #Finances - #Collectivités territoriales - #Urbanisme #Logement #Développement durable",2014-02-05T08:10:38,"https://twitter.com/PJarlier|http://www.pierrejarliersenateur.fr/jarlier/index.html|http://www.pierrejarliersenateur.fr/jarlier","http://www.senat.fr/senateur/jarlier_pierre98027u.html","pierre-jarlier","http://www.nossenateurs.fr/pierre-jarlier/csv"
"genevievejean84","Geneviève Jean","Jean","Geneviève","F",1,20,45,7,0,False,False,2172852169,"JEAN Geneviève","",2013-11-03T21:35:15,"https://twitter.com/genevievejean84","http://www.senat.fr/senateur/jean_genevieve14233n.html","genevieve-jean","http://www.nossenateurs.fr/genevieve-jean/csv"
"SophieJOISSAINS","Sophie Joissains","Joissains","Sophie","F",0,476,63,57,0,False,False,633850477,"Sophie JOISSAINS","Sénateur des Bouches du Rhône, adjointe au maire d'Aix en Provence",2012-07-12T16:09:05,"http://sophiejoissains.unblog.fr|https://twitter.com/SophieJOISSAINS","http://www.senat.fr/senateur/joissains_sophie08044w.html","sophie-joissains","http://www.nossenateurs.fr/sophie-joissains/csv"
"chantal_jouanno","Chantal Jouanno","Jouanno","Chantal","F",4380,39071,153,714,241,True,False,102397481,"Chantal Jouanno","Candidate à la présidence de la Région Île-de-France, sénatrice, conseillère régionale Île-de-France, porte-parole de l'@UDI_off #JouannoIDF2015",2010-01-06T15:21:38,"http://twitter.com/chantal_jouanno|http://www.senat.fr/senateur/jouanno_chantal09001p.html|http://www.chantaljouanno.fr|https://twitter.com/chantal_jouanno|http://fr-fr.facebook.com/jouanno.chantal","http://www.senat.fr/senateur/jouanno_chantal09001p.html","chantal-jouanno","http://www.nossenateurs.fr/chantal-jouanno/csv"
"GiseleJourda","Gisèle Jourda","Jourda","Gisèle","F",21,37,86,3,5,False,False,3345477185,"Gisèle Jourda","Sénatrice de l'Aude - Commission des Affaires étrangères & de la Défense - Commission des Affaires européennes #Sénat #Aude",2015-06-25T13:43:51,"http://www.gisele-jourda.fr|https://twitter.com/GiseleJourda","http://www.senat.fr/senateur/jourda_gisele14097y.html","gisele-jourda","http://www.nossenateurs.fr/gisele-jourda/csv"
"AJoyandet","Alain Joyandet","Joyandet","Alain","H",1732,1850,603,64,1100,False,False,485852102,"Alain Joyandet","Sénateur & chef de file @lesRépublicains en Bourgogne Franche-Comté pour les #regionales2015. Partage son temps entre le #Sénat & les routes de #BFC.",2012-02-07T17:04:53,"https://www.facebook.com/ajoyandet|https://twitter.com/AJoyandet","http://www.senat.fr/senateur/joyandet_alain95041e.html","alain-joyandet","http://www.nossenateurs.fr/alain-joyandet/csv"
"P_Kaltenbach","Philippe Kaltenbach","Kaltenbach","Philippe","H",2739,1759,848,92,35,False,False,438422936,"Philippe Kaltenbach","Sénateur des Hauts-de-Seine",2011-12-16T15:32:20,"https://twitter.com/P_Kaltenbach|http://www.philippekaltenbach.com","http://www.senat.fr/senateur/kaltenbach_philippe11084s.html","philippe-kaltenbach","http://www.nossenateurs.fr/philippe-kaltenbach/csv"
"AKaram973","Antoine Karam","Karam","Antoine","H",198,891,246,30,27,False,False,931698511,"Antoine KARAM","Sénateur de la Guyane - membre de la commission Affaires étrangères, Défense et forces armées. https://t.co/Y8FvAaVDWp",2012-11-07T09:57:48,"https://twitter.com/AKaram973","http://www.senat.fr/senateur/karam_antoine14039a.html","antoine-karam","http://www.nossenateurs.fr/antoine-karam/csv"
"Rkaroutchi","Roger Karoutchi","Karoutchi","Roger","H",1538,16752,859,282,31,False,False,519339693,"Roger KAROUTCHI","Sénateur des Hauts-de-Seine - Ancien Ministre",2012-03-09T09:33:06,"https://twitter.com/Rkaroutchi","http://www.senat.fr/senateur/karoutchi_roger99004r.html","roger-karoutchi","http://www.nossenateurs.fr/roger-karoutchi/csv"
"fabienne_keller","Fabienne Keller","Keller","Fabienne","F",1344,9296,1112,379,259,True,False,83120914,"Fabienne Keller","Sénatrice du Bas-Rhin, Secrétaire nationale des Républicains à l'énergie et aux transports, Conseillère municipale et Communautaire de Strasbourg",2009-10-17T12:24:58,"http://www.fabiennekeller.fr|https://twitter.com/fabienne_keller|http://twitter.com/fabienne_keller|https://fr-fr.facebook.com/fabienne.keller3","http://www.senat.fr/senateur/keller_fabienne04061f.html","fabienne-keller","http://www.nossenateurs.fr/fabienne-keller/csv"
"GuyDoKENNEL","Guy-Dominique Kennel","Kennel","Guy-Dominique","H",25,287,132,25,0,False,False,1073809153,"Guy-Dominique KENNEL","Sénateur du Bas-Rhin",2013-01-09T13:36:43,"https://twitter.com/GuyDoKENNEL","http://www.senat.fr/senateur/kennel_guy_dominique14061l.html","guy-dominique-kennel","http://www.nossenateurs.fr/guy-dominique-kennel/csv"
"claude_kern","Claude Kern","Kern","Claude","H",73,240,151,17,28,False,False,2914100284,"Claude KERN","Sénateur du Bas-Rhin - Maire de Gries #Alsace #Sénat #Gries",2014-12-10T17:28:33,"https://www.facebook.com/claude.kern|https://twitter.com/claude_kern","http://www.senat.fr/senateur/kern_claude14073q.html","claude-kern","http://www.nossenateurs.fr/claude-kern/csv"
"GLabazee_senat","Georges Labazée","Labazée","Georges","H",158,362,89,52,6,False,False,1310208470,"Georges Labazée","Sénateur des Pyrénées-Atlantiques, spécialisé dans les questions médico-sociales et l'approche de la dépendance.",2013-03-28T11:00:02,"https://twitter.com/GLabazee_senat","http://www.senat.fr/senateur/labazee_georges11112d.html","georges-labazee","http://www.nossenateurs.fr/georges-labazee/csv"
"Laborde_Senat","Françoise Laborde","Laborde","Françoise","F",1914,914,540,46,26,False,False,1429776210,"Laborde_Senat","Sénatrice de Haute-Garonne, membre de la Commission Culture et Education. Membre de l'Observatoire de la laïcité. Adjointe au maire à la Culture de Blagnac",2013-05-15T07:31:33,"https://twitter.com/Laborde_Senat|http://www.francoiselaborde.fr","http://www.senat.fr/senateur/laborde_francoise08031r.html","francoise-laborde","http://www.nossenateurs.fr/francoise-laborde/csv"
"LalandeBernard","Bernard Lalande","Lalande","Bernard","H",594,468,126,27,23,True,False,2584492322,"Bernard Lalande","Sénateur de la Charente-Maritime commissaire aux finances http://t.co/py7dj2Xalt",2014-06-23T19:39:50,"http://www.senat.fr/senateur/lalande_bernard14159v.html|https://twitter.com/LalandeBernard","http://www.senat.fr/senateur/lalande_bernard14159v.html","bernard-lalande","http://www.nossenateurs.fr/bernard-lalande/csv"
"LamureE","Élisabeth Lamure","Lamure","Élisabeth","F",227,961,363,52,12,False,False,1358830140,"Elisabeth LAMURE","Sénateur du Rhône, Vice-Présidente de la commission de l'Economie Présidente de la Délégation sénatoriale aux Entreprises, Maire de Gleizé 1989 - 2015",2013-04-17T07:46:03,"https://twitter.com/LamureE","http://www.senat.fr/senateur/lamure_elisabeth04049k.html","elisabeth-lamure","http://www.nossenateurs.fr/elisabeth-lamure/csv"
"gerard_larcher","Gérard Larcher","Larcher","Gérard","H",2104,6166,1421,136,237,True,False,1134643441,"Gérard Larcher ن","#Président du #Sénat : http://t.co/oRCmImlcY2",2013-01-30T17:05:59,"https://twitter.com/gerard_larcher|http://gerardlarcher.fr","http://www.senat.fr/senateur/larcher_gerard86034e.html","gerard-larcher","http://www.nossenateurs.fr/gerard-larcher/csv"
"plaurent_pcf","Pierre Laurent","Laurent","Pierre","H",2658,19176,512,437,51,True,False,104857771,"Pierre Laurent","Compte officiel du secrétaire national du PCF / Président du Parti de la gauche européenne (PGE) / Sénateur de Paris",2010-01-14T16:28:02,"https://twitter.com/plaurent_pcf|http://www.pierrelaurent.org","http://www.senat.fr/senateur/laurent_pierre12041x.html","pierre-laurent","http://www.nossenateurs.fr/pierre-laurent/csv"
"AntoineLAON","Antoine Lefèvre","Lefèvre","Antoine","H",0,111,10,10,0,False,False,1303614018,"Antoine Lefèvre","",2013-03-26T11:31:16,"https://twitter.com/AntoineLAON","http://www.senat.fr/senateur/lefevre_antoine08010l.html","antoine-lefevre","http://www.nossenateurs.fr/antoine-lefevre/csv"
"jpleleux","Jean-Pierre Leleux","Leleux","Jean-Pierre","H",708,1456,467,85,79,False,False,307011829,"Jean-Pierre LELEUX","Sénateur des Alpes-Maritimes, Maire honoraire de la ville de Grasse",2011-05-28T21:19:15,"http://www.jpleleux.com|https://twitter.com/jpleleux|http://www.jpleleux.fr","http://www.senat.fr/senateur/leleux_jean_pierre08039a.html","jean-pierre-leleux","http://www.nossenateurs.fr/jean-pierre-leleux/csv"
"JBLemoyne","Jean-Baptiste Lemoyne","Lemoyne","Jean-Baptiste","H",8918,3621,3638,95,1640,False,False,232511465,"JB Lemoyne","Papa x 2 depuis le 16 mai // Senateur de l'Yonne // Maire de Vallery // Affranchi !",2010-12-31T10:31:38,"http://www.senat.fr/senateur/lemoyne_jean_baptiste14037x.html|https://twitter.com/JBLemoyne","http://www.senat.fr/senateur/lemoyne_jean_baptiste14037x.html","jean-baptiste-lemoyne","http://www.nossenateurs.fr/jean-baptiste-lemoyne/csv"
"claudinelepage","Claudine Lepage","Lepage","Claudine","F",853,1356,513,107,10,False,False,31151087,"Claudine Lepage","Sénatrice représentant les Français établis hors de France",2009-04-14T15:48:20,"http://twitter.com/claudinelepage|http://claudinelepage.eu|https://twitter.com/claudinelepage|http://fr-fr.facebook.com/claudinelepage","http://www.senat.fr/senateur/lepage_claudine08017t.html","claudine-lepage","http://www.nossenateurs.fr/claudine-lepage/csv"
"mnlienemann","Marie-Noëlle Lienemann","Lienemann","Marie-Noëlle","F",5427,16515,1329,399,47,True,False,46522376,"MN Lienemann","Sénatrice socialiste de Paris, ancien ministre, membre du bureau national du PS",2009-06-11T23:32:44,"https://twitter.com/mnlienemann|http://www.mnlienemann.fr|http://twitter.com/#!/mnlienemann|http://fr-fr.facebook.com/pages/Marie-No%C3%ABlle-Lienemann/24112321048|http://lienemann.typepad.fr","http://www.senat.fr/senateur/lienemann_marie_noelle11077t.html","marie-noelle-lienemann","http://www.nossenateurs.fr/marie-noelle-lienemann/csv"
"ac_loisier","Anne-Catherine Loisier","Loisier","Anne-Catherine","F",169,399,368,20,50,False,False,2849912087,"AC_Loisier","Sénatrice @UDIUC de la Côte-d'Or - Maire #Saulieu - Présidente de la Communauté de Communes de Saulieu - Présidente GE #Cheval et VP GE #bois #forêt du #Senat",2014-10-29T14:54:26,"https://twitter.com/ac_loisier|http://acloisier.fr|http://www.acloisier.fr","http://www.senat.fr/senateur/loisier_anne_catherine14205j.html","anne-catherine-loisier","http://www.nossenateurs.fr/anne-catherine-loisier/csv"
"Gerard_longuet","Gérard Longuet","Longuet","Gérard","H",10,564,10,29,0,False,False,570989607,"Gérard longuet","Ministre de la défense et des anciens combattants.",2012-05-04T15:12:01,"https://twitter.com/Gerard_longuet","http://www.senat.fr/senateur/longuet_gerard01048v.html","gerard-longuet","http://www.nossenateurs.fr/gerard-longuet/csv"
"JeanClaudeLUCHE","Jean-Claude Luche","Luche","Jean-Claude","H",90,266,138,22,1,False,False,2891822619,"Jean-Claude Luche","Sénateur de l'Aveyron et Président UDI du Conseil général de l'Aveyron depuis 2008",2014-11-25T10:32:22,"https://twitter.com/JeanClaudeLUCHE","http://www.senat.fr/senateur/luche_jean_claude14103d.html","jean-claude-luche","http://www.nossenateurs.fr/jean-claude-luche/csv"
"valerieletard","Valérie Létard","Létard","Valérie","F",15,1336,72,94,0,True,False,102167972,"Valérie Létard","Compte twitter personnel de Valérie Létard, Sénatrice du Nord et Pdt de Valenciennes Métropole. Ancienne Secrétaire d'État",2010-01-05T21:20:47,"https://twitter.com/valerieletard|https://www.facebook.com/pages/Valérie-Létard/49351479658|http://www.valerieletard.org","http://www.senat.fr/senateur/letard_valerie01043q.html","valerie-letard","http://www.nossenateurs.fr/valerie-letard/csv"
"rogermadec","Roger Madec","Madec","Roger","H",902,3764,554,253,0,True,False,85596315,"Roger MADEC","Sénateur de Paris",2009-10-27T15:48:32,"https://twitter.com/rogermadec|http://www.rogermadec.fr|https://www.facebook.com/rogermadec|http://twitter.com/rogermadec","http://www.senat.fr/senateur/madec_roger04079r.html","roger-madec","http://www.nossenateurs.fr/roger-madec/csv"
"philmadrelle","Philippe Madrelle","Madrelle","Philippe","H",45,154,237,14,15,True,False,3166078852,"Philippe Madrelle","Sénateur socialiste de la Gironde, membre de la Commission du développement durable, 36 ans président du Conseil général,",2015-04-14T13:27:33,"http://www.senat.fr/senateur/madrelle_philippe80027e.html|https://twitter.com/philmadrelle","http://www.senat.fr/senateur/madrelle_philippe80027e.html","philippe-madrelle","http://www.nossenateurs.fr/philippe-madrelle/csv"
"JBMagner","Jacques-Bernard Magner","Magner","Jacques-Bernard","H",1,62,11,14,0,False,False,590002232,"JB Magner","Sénateur du Puy-de-Dôme",2012-05-25T13:42:45,"https://twitter.com/JBMagner|http://www.jacques-bernard-magner.fr","http://www.senat.fr/senateur/magner_jacques_bernard11104d.html","jacques-bernard-magner","http://www.nossenateurs.fr/jacques-bernard-magner/csv"
"DidierMandelli","Didier Mandelli","Mandelli","Didier","H",461,907,519,39,85,True,False,291264369,"Didier Mandelli","Sénateur de la Vendée | Président de la CC Vie et Boulogne #Vendée #lesRepublicains",2011-05-01T18:26:17,"http://www.senat.fr/senateur/mandelli_didier14031r.html|https://twitter.com/DidierMandelli","http://www.senat.fr/senateur/mandelli_didier14031r.html","didier-mandelli","http://www.nossenateurs.fr/didier-mandelli/csv"
"FMARC_Senat","François Marc","Marc","François","H",415,815,829,55,0,False,False,2203161948,"François MARC","Sénateur du Finistère - Ancien rapporteur Général de la Commission des Finances",2013-11-19T14:05:13,"https://twitter.com/FMARC_Senat|http://www.francois-marc.com|http://francois-marc.blogspirit.com|https://www.facebook.com/francoismarc.officiel","http://www.senat.fr/senateur/marc_francois98046x.html","francois-marc","http://www.nossenateurs.fr/francois-marc/csv"
"Didier_Marie76","Didier Marie","Marie","Didier","H",20,142,95,9,0,True,False,3316909205,"Didier Marie","Sénateur de Seine-Maritime, Commission des lois et commission des aff. européennes, Conseiller départemental, ancien Président du CG76, ancien Maire d'Elbeuf",2015-06-10T07:21:29,"https://twitter.com/Didier_Marie76|http://www.senat.fr/senateur/marie_didier14001x.html","http://www.senat.fr/senateur/marie_didier14001x.html","didier-marie","http://www.nossenateurs.fr/didier-marie/csv"
"Philippe_Marini","Philippe Marini","Marini","Philippe","H",806,3530,2208,120,3,True,False,1534099902,"Philippe Marini","Sénateur honoraire-maire de Compiègne , Président de l'agglomération de la région de Compiègne, Président de la commission des finances du Sénat.",2013-06-20T14:53:48,"http://www.philippe-marini.net|https://twitter.com/Philippe_Marini|https://www.facebook.com/philippe.marini","http://www.senat.fr/senateur/marini_philippe92035t.html","philippe-marini","http://www.nossenateurs.fr/philippe-marini/csv"
"patrick_masclet","Patrick Masclet","Masclet","Patrick","H",43,138,238,5,35,False,False,3334963989,"Patrick Masclet","Bienvenue sur le compte officiel de Patrick Masclet, #Sénateur du #Nord, #Maire d'#Arleux et Président des Maires du Nord.",2015-06-19T15:49:52,"http://www.facebook.com/patrickmasclet59015|https://twitter.com/patrick_masclet","http://www.senat.fr/senateur/masclet_patrick14273w.html","patrick-masclet","http://www.nossenateurs.fr/patrick-masclet/csv"
"jpmasseret","Jean-Pierre Masseret","Masseret","Jean-Pierre","H",1020,2960,740,91,22,False,False,423228943,"Jean-Pierre MASSERET","Président du Conseil Régional de Lorraine, Sénateur de la Moselle. Ce compte est géré par mon équipe, je signe JPM mes propres tweets. http://t.co/OSDOKgVwJa",2011-11-28T07:30:38,"http://www.jeanpierremasseret.fr|https://twitter.com/jpmasseret","http://www.senat.fr/senateur/masseret_jean_pierre83042r.html","jean-pierre-masseret","http://www.nossenateurs.fr/jean-pierre-masseret/csv"
"HMaurey","Hervé Maurey","Maurey","Hervé","H",2017,1556,365,109,0,False,False,1055771058,"Herve Maurey","Sénateur de l'#Eure,President de la commission de l#amenagementduterritoire et du #devdurable #Senat,maire de #Bernay,president de #Eurenumerique #udi",2013-01-02T18:30:14,"https://twitter.com/HMaurey|http://www.facebook.com/home.php?#!/profile.php?id=100000825785840&ref=ts","http://www.senat.fr/senateur/maurey_herve08009t.html","herve-maurey","http://www.nossenateurs.fr/herve-maurey/csv"
"meuniermichelle","Michelle Meunier","Meunier","Michelle","F",1516,2226,1194,124,56,True,False,383243238,"Michelle Meunier","#Sénatrice de Loire-Atlantique, membre du groupe #socialiste, de la commission des affaires sociales et vice-présidente de la délégation aux droits des #femmes.",2011-10-01T14:41:43,"http://www.michellemeunier.fr|https://twitter.com/meuniermichelle|http://www.facebook.com/meuniermichelle|http://twitter.com/#!/meuniermichelle","http://www.senat.fr/senateur/meunier_michelle11067r.html","michelle-meunier","http://www.nossenateurs.fr/michelle-meunier/csv"
"danymichelsenat","Danielle Michel","Michel","Danielle","F",293,499,206,44,6,True,False,1429789952,"Danielle MICHEL","Sénatrice PS des Landes",2013-05-15T07:24:44,"http://www.danielle-michel.fr|https://twitter.com/danymichelsenat|https://www.facebook.com/danielle.michel.186","http://www.senat.fr/senateur/michel_danielle11014c.html","danielle-michel","http://www.nossenateurs.fr/danielle-michel/csv"
"bmicouleau","Brigitte Micouleau","Micouleau","Brigitte","F",394,707,395,30,95,True,False,585479856,"Brigitte MICOULEAU","Sénatrice de la Haute-Garonne, membre de la commission des Affaires sociales - Adjointe au Maire de @Toulouse en charge des Seniors",2012-05-20T05:47:27,"https://twitter.com/bmicouleau|http://www.senat.fr/senateur/micouleau_brigitte14223l.html|http://brigittemicouleau.fr","http://www.senat.fr/senateur/micouleau_brigitte14223l.html","brigitte-micouleau","http://www.nossenateurs.fr/brigitte-micouleau/csv"
"SenateurMilon","Alain Milon","Milon","Alain","H",92,838,47,55,5,False,False,1565113112,"Alain Milon","Sénateur #UMP du #Vaucluse - Vice-Président de la commission des affaires sociales - Vice-Président de la mission d'évaluation & contrôle de la Sécurité sociale",2013-07-03T07:20:18,"https://twitter.com/SenateurMilon","http://www.senat.fr/senateur/milon_alain04092n.html","alain-milon","http://www.nossenateurs.fr/alain-milon/csv"
"FranckMontauge","Franck Montaugé","Montaugé","Franck","H",62,61,54,4,4,False,False,3240601721,"Franck Montaugé","Sénateur du Gers",2015-05-07T15:44:26,"http://www.franckmontauge.fr|https://twitter.com/FranckMontauge","http://www.senat.fr/senateur/montauge_franck14257w.html","franck-montauge","http://www.nossenateurs.fr/franck-montauge/csv"
"C_MorinDesailly","Catherine Morin-Desailly","Morin-Desailly","Catherine","F",6126,4277,1023,227,331,True,False,291596081,"C.Morin-Desailly","Sénatrice Seine-Maritime - Pdte commission #culture #education #communication #Sénat -@UDI_off @UDI_76 @nouveaucentre76- #Numérique #Media #UE #Normandie",2011-05-02T08:58:57,"http://www.catherine-morin-desailly.com|https://twitter.com/C_MorinDesailly","http://www.senat.fr/senateur/morin_desailly_catherine04070g.html","catherine-morin-desailly","http://www.nossenateurs.fr/catherine-morin-desailly/csv"
"Mouiller_P","Philippe Mouiller","Mouiller","Philippe","H",859,702,433,43,26,False,False,442945989,"Philippe Mouiller","Maire de Moncoutant - Sénateur des Deux-Sèvres",2011-12-21T16:54:12,"https://twitter.com/Mouiller_P","http://www.senat.fr/senateur/mouiller_philippe14071n.html","philippe-mouiller","http://www.nossenateurs.fr/philippe-mouiller/csv"
"p_medevielle","Pierre Médevielle","Médevielle","Pierre","H",141,244,367,13,2,True,False,3169219409,"Pierre Medevielle","Senateur Maire de Boulogne sur Gesse",2015-04-15T08:39:31,"http://senat.fr/senateur/medevielle_pierre14221j.html|https://twitter.com/p_medevielle","http://www.senat.fr/senateur/medevielle_pierre14221j.html","pierre-medevielle","http://www.nossenateurs.fr/pierre-medevielle/csv"
"colettemelot","Colette Mélot","Mélot","Colette","F",165,144,234,8,6,False,False,3159268698,"Colette Mélot","Sénatrice de Seine et Marne, Adjointe au maire honoraire de Melun, Secrétaire du Sénat, Vice-Présidente de la commission culture, éducation et communication",2015-04-16T08:49:15,"https://twitter.com/colettemelot|https://www.facebook.com/colette.melot.senatrice","http://www.senat.fr/senateur/melot_colette04057k.html","colette-melot","http://www.nossenateurs.fr/colette-melot/csv"
"LouisNegre2014","Louis Nègre","Nègre","Louis","H",118,400,608,18,0,False,False,2319096860,"Louis Nègre","Louis NÈGRE - Maire de Cagnes-sur-Mer - Sénateur des Alpes-Maritimes - Compte officiel - #cagnes",2014-01-30T15:31:29,"http://www.louisnegre-senateur.fr|https://twitter.com/LouisNegre2014","http://www.senat.fr/senateur/negre_louis08042u.html","louis-negre","http://www.nossenateurs.fr/louis-negre/csv"
"alainneri","Alain Néri","Néri","Alain","H",18,335,53,38,5,False,False,497284658,"Alain Neri","Sénateur Maire de Beauregard l'Évêque Conseiller Général du Puy de Dôme",2012-02-19T20:31:47,"https://twitter.com/alainneri","http://www.senat.fr/senateur/neri_alain11105e.html","alain-neri","http://www.nossenateurs.fr/alain-neri/csv"
"GeorgesPatient","Georges Patient","Patient","Georges","H",1803,1400,222,67,19,True,False,381996181,"Georges Patient","Sénateur de Guyane et Maire de Mana",2011-09-29T09:34:03,"https://twitter.com/GeorgesPatient|http://www.georgespatient.fr","http://www.senat.fr/senateur/patient_georges08073c.html","georges-patient","http://www.nossenateurs.fr/georges-patient/csv"
"CyrilPellevat","Cyril Pellevat","Pellevat","Cyril","H",2320,755,777,32,23,False,False,93213924,"Cyril Pellevat","Sénateur-Maire d'Arthaz PND - Haute-Savoie -Membre de la commission du développement durable et secretaire a la délégation aux droits des femmes",2009-11-28T16:30:27,"http://www.senat.fr/senateur/pellevat_cyril14237s.html|https://twitter.com/CyrilPellevat","http://www.senat.fr/senateur/pellevat_cyril14237s.html","cyril-pellevat","http://www.nossenateurs.fr/cyril-pellevat/csv"
"DanielPercheron","Daniel Percheron","Percheron","Daniel","H",394,2500,208,101,9,False,False,432405112,"Daniel Percheron","Sénateur, Président de la Région Nord-Pas de Calais",2011-12-09T10:55:34,"http://danielpercheron.fr|http://www.danielpercheron.fr|https://twitter.com/DanielPercheron","http://www.senat.fr/senateur/percheron_daniel83047w.html","daniel-percheron","http://www.nossenateurs.fr/daniel-percheron/csv"
"mfperoldumont87","Marie-Françoise Perol-Dumont","Perol-Dumont","Marie-Françoise","F",95,268,346,16,5,False,False,3014678867,"MF Perol-Dumont","Sénatrice de Haute-Vienne - Membre de la Commission des Affaires étrangères - Vice-présidente de la Délégation aux collectivités territoriales",2015-02-03T16:04:34,"https://twitter.com/mfperoldumont87","http://www.senat.fr/senateur/perol_dumont_marie_francoise14028w.html","marie-francoise-perol-dumont","http://www.nossenateurs.fr/marie-francoise-perol-dumont/csv"
"cperrin90","Cédric Perrin","Perrin","Cédric","H",73,492,191,20,2,True,False,496445296,"Cédric Perrin","Sénateur du Territoire de Belfort, membre de la commission des affaires etrangeres et des forces armées. Maire de Beaucourt",2012-02-18T23:52:49,"http://www.senat.fr/senateur/perrin_cedric14193x.html|https://twitter.com/cperrin90","http://www.senat.fr/senateur/perrin_cedric14193x.html","cedric-perrin","http://www.nossenateurs.fr/cedric-perrin/csv"
"pierre_jackie","Jackie Pierre","Pierre","Jackie","H",4,280,38,38,15,True,False,1266562454,"Jackie Pierre","Sénateur des Vosges, Vice-Pdt du Conseil Général des Vosges - #Finances #Economie #Communication",2013-03-14T08:41:26,"http://www.senat.fr/senateur/pierre_jackie04088s.html|https://twitter.com/pierre_jackie","http://www.senat.fr/senateur/pierre_jackie04088s.html","jackie-pierre","http://www.nossenateurs.fr/jackie-pierre/csv"
"JVPlace","Jean-Vincent Placé","Placé","Jean-Vincent","H",5011,32652,2680,720,181,True,False,219361536,"Jean-Vincent Placé","Président du groupe parlementaire écologiste au Sénat, Sénateur de l'Essonne #EELV",2010-11-24T17:10:45,"https://twitter.com/JVPlace|http://jeanvincentplace.eelv.fr","http://www.senat.fr/senateur/place_jean_vincent11069t.html","jean-vincent-place","http://www.nossenateurs.fr/jean-vincent-place/csv"
"JPPlancade","Jean-Pierre Plancade","Plancade","Jean-Pierre","H",890,881,973,89,0,False,False,270919379,"Jean-Pierre Plancade","Sénateur de la Haute Garonne, Conseiller Général de Toulouse VI, Vice-président de la Commission de la Culture, Membre de l'assemblée parlementaire de l'OSCE.",2011-03-23T14:07:46,"http://fr-fr.facebook.com/people/Jean-Pierre-Plancade/100002416394710|http://www.facebook.com/profile.php?id=100002416394710|https://twitter.com/JPPlancade|https://twitter.com/#!/JPPlancade","http://www.senat.fr/senateur/plancade_jean_pierre98010k.html","jean-pierre-plancade","http://www.nossenateurs.fr/jean-pierre-plancade/csv"
"l_poniatowski","Ladislas Poniatowski","Poniatowski","Ladislas","H",342,4525,7696,46,37,True,False,3131026925,"Ladislas Poniatowski","Sénateur Républicain de l'Eure. Membre de la Commission des affaires économiques. Président du groupe d'études de l'énergie. Président du SIEGE 27.",2015-04-01T12:45:01,"https://twitter.com/l_poniatowski|http://www.senat.fr/senateur/poniatowski_ladislas98050t.html","http://www.senat.fr/senateur/poniatowski_ladislas98050t.html","ladislas-poniatowski","http://www.nossenateurs.fr/ladislas-poniatowski/csv"
"HuguesPortelliS","Hugues Portelli","Portelli","Hugues","H",69,796,198,38,6,False,False,493915238,"Hugues Portelli","",2012-02-16T10:02:34,"https://twitter.com/HuguesPortelliS|http://www.huguesportelli.fr","http://www.senat.fr/senateur/portelli_hugues04074l.html","hugues-portelli","http://www.nossenateurs.fr/hugues-portelli/csv"
"YvesPDB","Yves Pozzo di Borgo","Pozzo di Borgo","Yves","H",21149,6258,5369,193,51,False,False,2365378849,"Yves Pozzo di Borgo","Sénateur,Conseiller UDI Paris, Commission AED, et V-P Commission des Affaires européennes, Membre l'@OSCEPA & Conseil de l'Europe. Président de l'@Inst_Lecanuet",2014-02-28T09:53:47,"https://twitter.com/YvesPDB","http://www.senat.fr/senateur/pozzo_di_borgo_yves04080j.html","yves-pozzo-di-borgo","http://www.nossenateurs.fr/yves-pozzo-di-borgo/csv"
"sophieprimas","Sophie Primas","Primas","Sophie","F",4199,2794,287,117,660,False,False,156608013,"Sophie Primas","Senateur-Maire d'Aubergenville",2010-06-17T11:34:25,"https://twitter.com/sophieprimas|http://www.sophie-primas.fr","http://www.senat.fr/senateur/primas_sophie11090q.html","sophie-primas","http://www.nossenateurs.fr/sophie-primas/csv"
"CProcaccia","Catherine Procaccia","Procaccia","Catherine","F",7954,2424,353,119,55,True,False,599968486,"Catherine PROCACCIA","Sénateur du Val-de-Marne, Conseillère générale de Vincennes-ouest (2001-2015) Présidente du groupe d'amitié Vanuatu-Iles du Pacifique",2012-06-05T09:17:03,"https://twitter.com/CProcaccia|http://www.senat.fr/senateur/procaccia_catherine04043d.html|http://www.catherine-procaccia.com","http://www.senat.fr/senateur/procaccia_catherine04043d.html","catherine-procaccia","http://www.nossenateurs.fr/catherine-procaccia/csv"
"david_rachline","David Rachline","Rachline","David","H",4704,8748,1969,160,896,True,False,189815209,"David Rachline","Sénateur-Maire de #Fréjus",2010-09-12T08:54:45,"https://twitter.com/david_rachline|http://www.davidrachline.fr","http://www.senat.fr/senateur/rachline_david14247u.html","david-rachline","http://www.nossenateurs.fr/david-rachline/csv"
"jpraffarin","Jean-Pierre Raffarin","Raffarin","Jean-Pierre","H",6752,101339,593,1196,172,True,False,359979086,"Jean-Pierre Raffarin","Ancien Premier ministre, sénateur de la Vienne et Président de la commission des affaires étrangères, de la défense et des forces armées du Sénat",2011-08-22T14:00:10,"https://twitter.com/jpraffarin|http://www.carnetjpr.com|http://www.carnetjpr.com/carnetjpr","http://www.senat.fr/senateur/raffarin_jean_pierre95059q.html","jean-pierre-raffarin","http://www.nossenateurs.fr/jean-pierre-raffarin/csv"
"HdeRaincourt","Henri de Raincourt","Raincourt","Henri de","H",225,1151,390,72,54,True,False,1004357299,"Henri de Raincourt","Ancien ministre, Sénateur de l'Yonne, Président de la Communauté de Communes du Gâtinais en Bourgogne",2012-12-11T16:18:26,"http://www.senat.fr/senateur/de_raincourt_henri86044g.html|https://twitter.com/HdeRaincourt","http://www.senat.fr/senateur/de_raincourt_henri86044g.html","henri-de-raincourt","http://www.nossenateurs.fr/henri-de-raincourt/csv"
"michel_raison","Michel Raison","Raison","Michel","H",99,263,52,20,0,False,False,586713569,"Michel RAISON","maire de luxeuil les bains ( haute saone )",2012-05-21T17:25:24,"https://twitter.com/michel_raison","http://www.senat.fr/senateur/raison_michel14135m.html","michel-raison","http://www.nossenateurs.fr/michel-raison/csv"
"draoulsenateur","Daniel Raoul","Raoul","Daniel","H",47,413,112,21,0,True,False,2611354069,"Daniel RAOUL","Sénateur de Maine-et-Loire Ancien Membre de la commission des Finances du Sénat",2014-07-08T09:05:36,"http://www.senat.fr/senateur/raoul_daniel01016m.html|http://www.danielraoul.net|https://twitter.com/draoulsenateur","http://www.senat.fr/senateur/raoul_daniel01016m.html","daniel-raoul","http://www.nossenateurs.fr/daniel-raoul/csv"
"Stephane_Ravier","Stéphane Ravier","Ravier","Stéphane","H",1990,7458,399,144,293,True,False,1920691543,"Stéphane Ravier","Maire du 7ème secteur de #Marseille | Sénateur des Bouches-du-Rhône (13)",2013-09-30T16:55:49,"https://twitter.com/Stephane_Ravier|http://www.stephaneravier.fr","http://www.senat.fr/senateur/ravier_stephane14055n.html","stephane-ravier","http://www.nossenateurs.fr/stephane-ravier/csv"
"andre_reichardt","André Reichardt","Reichardt","André","H",16,259,118,10,5,False,False,3146968917,"André REICHARDT","Sénateur UMP du Bas-Rhin, Premier Vice-Président du Conseil régional d'Alsace.",2015-04-08T07:14:10,"http://www.andrereichardt.com|https://twitter.com/andre_reichardt|http://www.facebook.com/andre.reichardt1","http://www.senat.fr/senateur/reichardt_andre10015m.html","andre-reichardt","http://www.nossenateurs.fr/andre-reichardt/csv"
"BrunoRetailleau","Bruno Retailleau","Retailleau","Bruno","H",4252,11444,754,263,745,True,False,408398312,"Bruno Retailleau ن","Sénateur de la Vendée, Président du groupe @lesRep_Senat. Tête de liste aux #Regionales2015 pour les #PaysDeLaLoire. @Retailleau_2015 #PDL2015",2011-11-09T11:15:56,"https://twitter.com/BrunoRetailleau|http://www.brunoretailleau.net|http://www.retailleau2015.fr","http://www.senat.fr/senateur/retailleau_bruno04033b.html","bruno-retailleau","http://www.nossenateurs.fr/bruno-retailleau/csv"
"Roland_Ries","Roland Ries","Ries","Roland","H",153,3780,279,216,7,True,False,281438650,"Roland Ries","Maire de Strasbourg",2011-04-13T08:55:34,"https://www.facebook.com/roland.ries.strasbourg|https://twitter.com/Roland_Ries|http://rolandries.eu","http://www.senat.fr/senateur/ries_roland04065k.html","roland-ries","http://www.nossenateurs.fr/roland-ries/csv"
"StephRiocreux37","Stéphanie Riocreux","Riocreux","Stéphanie","F",9,32,49,6,1,False,False,3377371677,"Stéphanie RIOCREUX","Sénatrice d'Indre et Loire - Présidente de la communauté de communes du Pays de Bourgueil - Maire de Benais",2015-07-15T15:07:05,"http://www.senat.fr/senateur/riocreux_stephanie14271u.html|https://twitter.com/StephRiocreux37","http://www.senat.fr/senateur/riocreux_stephanie14271u.html","stephanie-riocreux","http://www.nossenateurs.fr/stephanie-riocreux/csv"
"Sy_robert","Sylvie Robert","Robert","Sylvie","F",267,1290,1163,85,10,False,False,459487511,"sylvie Robert","Sénatrice d'Ille et Vilaine , adjointe au maire de #Rennes, féministe",2012-01-09T18:35:58,"https://twitter.com/Sy_robert","http://www.senat.fr/senateur/robert_sylvie14229s.html","sylvie-robert","http://www.nossenateurs.fr/sylvie-robert/csv"
"GilbertROGER_93","Gilbert Roger","Roger","Gilbert","H",2958,1382,741,101,33,True,False,131550749,"Gilbert ROGER","Sénateur de Seine-Saint-Denis, Vice-Président de la commission des affaires étrangères, de la Défense & des forces armées.",2010-04-10T16:20:01,"https://twitter.com/GilbertROGER_93|http://www.facebook.com/gilbert.roger|http://www.gilbert-roger.fr|http://www.gilbert-roger.fr/gilbert_roger","http://www.senat.fr/senateur/roger_gilbert11054l.html","gilbert-roger","http://www.nossenateurs.fr/gilbert-roger/csv"
"yvesrome","Yves Rome","Rome","Yves","H",1055,1475,480,101,19,False,False,121062859,"Yves Rome","Sénateur de l Oise",2010-03-08T10:07:58,"http://www.yves-rome.fr|https://twitter.com/yvesrome","http://www.senat.fr/senateur/rome_yves11046l.html","yves-rome","http://www.nossenateurs.fr/yves-rome/csv"
"rouxjy","Jean-Yves Roux","Roux","Jean-Yves","H",194,159,71,16,3,False,False,782712001,"Jean-Yves ROUX","Sénateur des Alpes de Haute-Provence",2012-08-26T16:02:34,"https://twitter.com/rouxjy","http://www.senat.fr/senateur/roux_jean_yves14107h.html","jean-yves-roux","http://www.nossenateurs.fr/jean-yves-roux/csv"
"renepaulsavary","René-Paul Savary","Savary","René-Paul","H",672,987,150,47,9,False,False,1731171120,"René-Paul Savary","Sénateur de la Marne (UMP) - Président du Conseil départemental de la Marne",2013-09-05T07:55:44,"http://www.facebook.com/renepaulsavary?sk=wall|https://twitter.com/renepaulsavary","http://www.senat.fr/senateur/savary_rene_paul11097x.html","rene-paul-savary","http://www.nossenateurs.fr/rene-paul-savary/csv"
"Schillinger2","Patricia Schillinger","Schillinger","Patricia","F",1020,1679,1481,83,12,True,False,631035448,"Schillinger","Sénatrice du Haut-Rhin",2012-07-09T11:58:21,"https://twitter.com/Schillinger2|http://www.patricia-schillinger.com","http://www.senat.fr/senateur/schillinger_patricia04045f.html","patricia-schillinger","http://www.nossenateurs.fr/patricia-schillinger/csv"
"brunosido1","Bruno Sido","Sido","Bruno","H",11,123,26,13,1,False,False,2319063426,"brunosido","Sénateur Président du conseil général de la Haute-Marne http://t.co/E5gS5kSvGV",2014-01-30T15:13:14,"https://twitter.com/brunosido1","http://www.senat.fr/senateur/sido_bruno01058x.html","bruno-sido","http://www.nossenateurs.fr/bruno-sido/csv"
"JP_Sueur","Jean-Pierre Sueur","Sueur","Jean-Pierre","H",3961,4462,1994,139,9,True,False,159497172,"Jean-Pierre Sueur","Sénateur du Loiret. Vice-président de la Commission des Lois du Sénat. Ancien Ministre.",2010-06-25T14:56:30,"https://twitter.com/JP_Sueur|http://www.jpsueur.com","http://www.senat.fr/senateur/sueur_jean_pierre01028r.html","jean-pierre-sueur","http://www.nossenateurs.fr/jean-pierre-sueur/csv"
"sutour","Simon Sutour","Sutour","Simon","H",135,477,119,47,3,False,False,793859732,"Simon Sutour","Sénateur du Gard",2012-08-31T13:23:22,"http://simonsutour.fr|https://twitter.com/sutour","http://www.senat.fr/senateur/sutour_simon98035u.html","simon-sutour","http://www.nossenateurs.fr/simon-sutour/csv"
"CatherineTasca","Catherine Tasca","Tasca","Catherine","F",26,504,52,32,0,False,False,1883196834,"Catherine Tasca","",2013-09-19T13:51:49,"https://twitter.com/CatherineTasca|https://www.facebook.com/catherinetasca.yvelines","http://www.senat.fr/senateur/tasca_catherine04056j.html","catherine-tasca","http://www.nossenateurs.fr/catherine-tasca/csv"
"jeanlouistouren","Jean-Louis Tourenne","Tourenne","Jean-Louis","H",609,1093,418,65,25,False,False,577857868,"Jean-Louis Tourenne","Sénateur socialiste d'Ille-et-Vilaine",2012-05-12T08:09:44,"https://twitter.com/jeanlouistouren|http://www.jean-louis-tourenne.eu","http://www.senat.fr/senateur/tourenne_jean_louis14227q.html","jean-louis-tourenne","http://www.nossenateurs.fr/jean-louis-tourenne/csv"
"C_Troendle","Catherine Troendle","Troendle","Catherine","F",14,231,24,15,1,True,False,3238415981,"Catherine Troendlé","Sénateur du Haut-Rhin, 1ère Vice-présidente de la commission des lois. Présidente du groupe d'amitié France-Allemagne",2015-05-06T07:22:12,"http://www.catherinetroendle.fr|http://www.senat.fr/senateur/troendle_catherine04044e.html|https://twitter.com/C_Troendle","http://www.senat.fr/senateur/troendle_catherine04044e.html","catherine-troendle","http://www.nossenateurs.fr/catherine-troendle/csv"
"JVanlerenberghe","Jean-Marie Vanlerenberghe","Vanlerenberghe","Jean-Marie","H",0,253,2,36,0,False,False,331678709,"JM Vanlerenberghe","Vice-président MoDem de la commission des affaires sociales du Sénat, Membre du Conseil d'orientation pour l'emploi.",2011-07-08T15:12:25,"https://www.facebook.com/jeanmarie.vanlerenberghe|http://www.mouvementdemocrate.fr/shadow/vanlerenberghe.html|https://twitter.com/JVanlerenberghe|http://jmvanlerenberghe.fr","http://www.senat.fr/senateur/vanlerenberghe_jean_marie01034p.html","jean-marie-vanlerenberghe","http://www.nossenateurs.fr/jean-marie-vanlerenberghe/csv"
"MichelVASPART","Michel Vaspart","Vaspart","Michel","H",185,366,425,30,5,False,False,535228354,"Michel Vaspart","Sénateur #LesRépublicains des Côtes-d'Armor - Maire de Pleudihen/Rance - 1er VP de Dinan Communauté - http://t.co/VSZBpXRxhC",2012-03-24T10:42:43,"http://www.michelvaspart.fr|https://twitter.com/MichelVASPART","http://www.senat.fr/senateur/vaspart_michel14157t.html","michel-vaspart","http://www.nossenateurs.fr/michel-vaspart/csv"
"AlainVasselle","Alain Vasselle","Vasselle","Alain","H",636,439,564,23,358,False,False,2956992646,"Alain Vasselle","Sénateur, Maire d'Oursel-Maison, Président de l'Union des Maires de l'Oise, Président du Centre de Gestion de l'Oise",2015-01-02T17:29:17,"https://twitter.com/AlainVasselle","http://www.senat.fr/senateur/vasselle_alain92045v.html","alain-vasselle","http://www.nossenateurs.fr/alain-vasselle/csv"
"YVaugrenard","Yannick Vaugrenard","Vaugrenard","Yannick","H",14,610,83,62,0,False,False,380924724,"Yannick Vaugrenard","Sénateur de Loire-Atlantique",2011-09-27T13:22:05,"https://www.facebook.com/YannickVaugrenard|https://twitter.com/YVaugrenard|http://www.yvaugrenard.fr","http://www.senat.fr/senateur/vaugrenard_yannick11066q.html","yannick-vaugrenard","http://www.nossenateurs.fr/yannick-vaugrenard/csv"
"mauricevincent_","Maurice Vincent","Vincent","Maurice","H",3562,2130,610,107,58,True,False,358941090,"maurice vincent","Sénateur de la Loire, #PS, Commission des finances #Sénat, rapporteur spécial sur l'Etat actionnaire, élu de #Saint-Etienne #Loire #ASSE",2011-08-20T19:21:48,"http://www.maurice-vincent.fr|https://twitter.com/mauricevincent_","http://www.senat.fr/senateur/vincent_maurice11057p.html","maurice-vincent","http://www.nossenateurs.fr/maurice-vincent/csv"
"WatrinDominique","Dominique Watrin","Watrin","Dominique","H",40,124,47,10,0,False,False,3108175608,"Dominique Watrin","#Sénateur du #PasdeCalais #PCF",2015-03-26T10:55:02,"http://www.dominiquewatrin.fr|https://twitter.com/WatrinDominique","http://www.senat.fr/senateur/watrin_dominique11063m.html","dominique-watrin","http://www.nossenateurs.fr/dominique-watrin/csv"
"eyonnetSenat","Evelyne Yonnet","Yonnet","Evelyne","F",144,183,272,19,20,True,False,3128959935,"Evelyne Yonnet","Sénatrice de la Seine-Saint-Denis - Membre de la commission des affaires sociales- Conseillère municipale d'Aubervilliers- Conseillère de Plaine Commune.",2015-03-30T13:24:30,"https://twitter.com/eyonnetSenat|http://www.senat.fr/senateur/yonnet_evelyne14269b.html","http://www.senat.fr/senateur/yonnet_evelyne14269b.html","evelyne-yonnet","http://www.nossenateurs.fr/evelyne-yonnet/csv"
"SenateurRYung","Richard Yung","Yung","Richard","H",958,1670,97,122,0,True,False,221688080,"Richard Yung","Richard Yung, Sénateur socialiste représentant les Français établis hors de France, membre de la commission des lois et la commission des affaires européennes",2010-12-01T10:04:04,"http://www.richardyung.fr|http://www.facebook.com/senateur.richard.yung|https://twitter.com/SenateurRYung","http://www.senat.fr/senateur/yung_richard04034c.html","richard-yung","http://www.nossenateurs.fr/richard-yung/csv"
"fzocchetto","François Zocchetto","Zocchetto","François","H",471,2342,448,109,2,False,False,1274683212,"François ZOCCHETTO","#Maire de Laval #Président de Laval Agglomération et #Sénateur de la #Mayenne #Président du Groupe @UDIUC au #Sénat http://t.co/qXGBp0uhbw",2013-03-17T11:05:35,"http://francois-zocchetto.over-blog.com|https://twitter.com/fzocchetto","http://www.senat.fr/senateur/zocchetto_francois01047u.html","francois-zocchetto","http://www.nossenateurs.fr/francois-zocchetto/csv"
